fips2,county2,ruc_code2,total_est_pct3
1000,Alabama,,"747,478"
1001,Autauga,2,"6,723"
1003,Baldwin,3,"22,360"
1005,Barbour,6,"5,909"
1007,Bibb,1,"4,101"
1009,Blount,1,"9,324"
1011,Bullock,6,"2,537"
1013,Butler,6,"4,124"
1015,Calhoun,3,"18,988"
1017,Chambers,6,"6,415"
1019,Cherokee,6,"4,121"
1021,Chilton,1,"7,044"
1023,Choctaw,9,"2,811"
1025,Clarke,7,"4,281"
1027,Clay,9,"2,156"
1029,Cleburne,8,"1,945"
1031,Coffee,4,"7,734"
1033,Colbert,3,"7,998"
1035,Conecuh,7,"2,662"
1037,Coosa,8,"1,789"
1039,Covington,6,"6,269"
1041,Crenshaw,8,"2,289"
1043,Cullman,4,"10,088"
1045,Dale,4,"8,727"
1047,Dallas,4,"9,533"
1049,DeKalb,6,"12,848"
1051,Elmore,2,"8,753"
1053,Escambia,6,"6,980"
1055,Etowah,3,"18,801"
1057,Fayette,6,"2,721"
1059,Franklin,6,"4,989"
1061,Geneva,3,"4,180"
1063,Greene,8,"2,553"
1065,Hale,3,"2,956"
1067,Henry,3,"2,919"
1069,Houston,3,"20,207"
1071,Jackson,6,"7,481"
1073,Jefferson,1,"104,288"
1075,Lamar,8,"2,070"
1077,Lauderdale,3,"14,193"
1079,Lawrence,3,"5,773"
1081,Lee,3,"24,731"
1083,Limestone,2,"11,535"
1085,Lowndes,2,"2,555"
1087,Macon,6,"4,817"
1089,Madison,2,"41,789"
1091,Marengo,7,"4,601"
1093,Marion,7,"4,883"
1095,Marshall,4,"14,989"
1097,Mobile,2,"71,784"
1099,Monroe,7,"4,770"
1101,Montgomery,2,"34,268"
1103,Morgan,3,"16,146"
1105,Perry,8,"2,778"
1107,Pickens,3,"4,380"
1109,Pike,6,"6,742"
1111,Randolph,6,"3,906"
1113,Russell,2,"10,823"
1115,St. Clair,1,"9,780"
1117,Shelby,1,"13,428"
1119,Sumter,8,"4,195"
1121,Talladega,4,"13,326"
1123,Tallapoosa,6,"6,341"
1125,Tuscaloosa,3,"32,226"
1127,Walker,1,"10,837"
1129,Washington,8,"2,998"
1131,Wilcox,9,"3,329"
1133,Winston,6,"3,882"
2000,Alaska,,"73,033"
2013,Aleutians East,9,492
2016,Aleutians West,9,414
2020,Anchorage,2,"26,636"
2050,Bethel,7,"4,249"
2060,Bristol Bay,9,80
2068,Denali,8,132
2070,Dillingham,9,883
2090,Fairbanks North Star,3,"6,656"
2100,Haines,9,247
2105,Alaska,9,336
2110,Juneau,5,"1,951"
2122,Kenai Peninsula,7,"5,966"
2130,Ketchikan Gateway,7,"1,283"
2150,Kodiak Island,7,909
2158,Kusilvak,9,"2,217"
2164,Lake and Peninsula,9,275
2170,Matanuska-Susitna,2,"10,142"
2180,Nome,7,"2,033"
2185,North Slope,7,"1,109"
2188,Northwest Arctic,7,"1,805"
2195,Alaska,9,219
2198,Alaska,9,"1,085"
2220,Sitka,7,672
2230,Alaska,9,47
2240,Southeast Fairbanks,9,823
2261,Valdez-Cordova,9,781
2275,Alaska,9,240
2282,Yakutat,9,85
2290,Yukon-Koyukuk,9,"1,266"
4000,Arizona,,"963,007"
4001,Apache,6,"23,680"
4003,Cochise,3,"20,172"
4005,Coconino,3,"20,817"
4007,Gila,4,"11,219"
4009,Graham,7,"7,207"
4011,Greenlee,7,876
4012,La Paz,6,"4,593"
4013,Maricopa,1,"539,670"
4015,Mohave,3,"33,183"
4017,Navajo,4,"27,440"
4019,Pima,2,"142,859"
4021,Pinal,1,"52,975"
4023,Santa Cruz,4,"8,688"
4025,Yavapai,3,"27,845"
4027,Yuma,3,"41,782"
5000,Arkansas,,"468,575"
5001,Arkansas,6,"2,714"
5003,Ashley,7,"3,603"
5005,Baxter,7,"5,248"
5007,Benton,2,"24,525"
5009,Boone,7,"5,572"
5011,Bradley,7,"2,426"
5013,Calhoun,9,771
5015,Carroll,6,"4,118"
5017,Chicot,7,"2,900"
5019,Clark,7,"3,971"
5021,Clay,7,"2,691"
5023,Cleburne,6,"3,452"
5025,Cleveland,3,"1,080"
5027,Columbia,7,"4,509"
5029,Conway,6,"3,215"
5031,Craighead,3,"17,960"
5033,Crawford,2,"11,436"
5035,Crittenden,1,"10,520"
5037,Cross,6,"2,874"
5039,Dallas,6,"1,241"
5041,Desha,6,"2,859"
5043,Drew,6,"3,191"
5045,Faulkner,2,"17,459"
5047,Franklin,6,"2,830"
5049,Fulton,9,"2,169"
5051,Garland,3,"16,532"
5053,Grant,2,"2,189"
5055,Greene,4,"6,925"
5057,Hempstead,6,"3,930"
5059,Hot Spring,6,"6,322"
5061,Howard,6,"2,176"
5063,Independence,7,"5,852"
5065,Izard,9,"2,003"
5067,Jackson,6,"3,313"
5069,Jefferson,3,"14,942"
5071,Johnson,7,"4,521"
5073,Lafayette,8,"1,655"
5075,Lawrence,6,"2,887"
5077,Lee,7,"2,515"
5079,Lincoln,3,"2,567"
5081,Little River,3,"2,157"
5083,Logan,6,"3,640"
5085,Lonoke,2,"7,760"
5087,Madison,2,"2,699"
5089,Marion,9,"2,687"
5091,Miller,3,"5,909"
5093,Mississippi,4,"9,128"
5095,Monroe,7,"1,681"
5097,Montgomery,8,"1,756"
5099,Nevada,7,"1,951"
5101,Newton,9,"1,386"
5103,Ouachita,7,"3,969"
5105,Perry,2,"1,710"
5107,Phillips,6,"5,841"
5109,Pike,9,"1,769"
5111,Poinsett,3,"5,339"
5113,Polk,7,"3,991"
5115,Pope,5,"10,218"
5117,Prairie,8,"1,190"
5119,Pulaski,2,"56,020"
5121,Randolph,7,"3,036"
5123,St. Francis,6,"6,679"
5125,Saline,2,"11,665"
5127,Scott,6,"1,983"
5129,Searcy,9,"1,740"
5131,Sebastian,2,"19,923"
5133,Sevier,6,"2,962"
5135,Sharp,7,"4,007"
5137,Stone,9,"2,378"
5139,Union,7,"7,216"
5141,Van Buren,8,"3,235"
5143,Washington,2,"34,731"
5145,White,4,"11,613"
5147,Woodruff,9,"1,678"
5149,Yell,6,"3,265"
6000,California,,"4,560,419"
6001,Alameda,1,"146,315"
6003,Alpine,8,193
6005,Amador,6,"3,462"
6007,Butte,3,"34,503"
6009,Calaveras,6,"5,477"
6011,Colusa,6,"2,554"
6013,Contra Costa,1,"90,482"
6015,Del Norte,7,"4,445"
6017,El Dorado,1,"16,649"
6019,Fresno,2,"200,873"
6021,Glenn,6,"3,397"
6023,Humboldt,5,"25,136"
6025,Imperial,3,"38,020"
6027,Inyo,7,"2,071"
6029,Kern,2,"164,817"
6031,Kings,3,"21,840"
6033,Lake,4,"11,622"
6035,Lassen,7,"3,789"
6037,Los Angeles,1,"1,319,242"
6039,Madera,3,"26,309"
6041,Marin,1,"17,357"
6043,Mariposa,8,"2,565"
6045,Mendocino,4,"11,980"
6047,Merced,2,"46,011"
6049,Modoc,6,"1,757"
6051,Mono,7,"1,437"
6053,Monterey,2,"52,484"
6055,Napa,3,"9,897"
6057,Nevada,4,"9,268"
6059,Orange,1,"297,658"
6061,Placer,1,"26,170"
6063,Plumas,7,"2,432"
6065,Riverside,1,"274,953"
6067,Sacramento,1,"192,993"
6069,San Benito,1,"6,518"
6071,San Bernardino,1,"284,359"
6073,San Diego,1,"335,034"
6075,San Francisco,1,"82,616"
6077,San Joaquin,2,"101,772"
6079,San Luis Obispo,2,"31,180"
6081,San Mateo,1,"46,328"
6083,Santa Barbara,2,"51,298"
6085,Santa Clara,1,"116,401"
6087,Santa Cruz,2,"27,531"
6089,Shasta,3,"23,508"
6091,Sierra,8,375
6093,Siskiyou,6,"7,484"
6095,Solano,2,"39,018"
6097,Sonoma,2,"34,758"
6099,Stanislaus,2,"70,741"
6101,Sutter,3,"12,310"
6103,Tehama,4,"10,484"
6105,Trinity,8,"1,986"
6107,Tulare,2,"86,940"
6109,Tuolumne,4,"5,781"
6111,Ventura,2,"68,482"
6113,Yolo,1,"35,608"
6115,Yuba,3,"11,748"
8000,Colorado,,"531,331"
8001,Adams,1,"47,464"
8003,Alamosa,7,"3,019"
8005,Arapahoe,1,"47,072"
8007,Archuleta,7,"1,502"
8009,Baca,9,675
8011,Bent,7,"1,354"
8013,Boulder,2,"33,965"
8014,Broomfield,1,"2,865"
8015,Chaffee,7,"2,070"
8017,Cheyenne,9,243
8019,Clear Creek,1,709
8021,Conejos,9,"1,624"
8023,Costilla,9,955
8025,Crowley,8,"1,249"
8027,Custer,8,577
8029,Delta,6,"4,602"
8031,Denver,1,"86,020"
8033,Dolores,9,262
8035,Douglas,1,"9,622"
8037,Eagle,5,"4,365"
8039,Elbert,1,"1,514"
8041,El Paso,2,"61,692"
8043,Fremont,4,"6,361"
8045,Garfield,5,"5,694"
8047,Gilpin,1,421
8049,Grand,7,"1,271"
8051,Gunnison,7,"1,920"
8053,Hinsdale,9,72
8055,Huerfano,6,"1,349"
8057,Jackson,9,175
8059,Jefferson,1,"41,258"
8061,Kiowa,9,188
8063,Kit Carson,7,927
8065,Lake,6,913
8067,La Plata,4,"6,127"
8069,Larimer,2,"35,894"
8071,Las Animas,7,"2,407"
8073,Lincoln,8,793
8075,Logan,7,"2,389"
8077,Mesa,3,"16,840"
8079,Mineral,9,72
8081,Moffat,7,"1,611"
8083,Montezuma,6,"3,856"
8085,Montrose,4,"5,565"
8087,Morgan,6,"3,386"
8089,Otero,6,"4,297"
8091,Ouray,9,342
8093,Park,1,"1,602"
8095,Phillips,9,435
8097,Pitkin,7,"1,099"
8099,Prowers,7,"2,159"
8101,Pueblo,3,"29,187"
8103,Rio Blanco,9,624
8105,Rio Grande,7,"1,591"
8107,Routt,7,"1,820"
8109,Saguache,9,"1,726"
8111,San Juan,9,99
8113,San Miguel,9,804
8115,Sedgwick,9,323
8117,Summit,5,"1,963"
8119,Teller,2,"1,990"
8121,Washington,9,556
8123,Weld,2,"26,547"
8125,Yuma,7,"1,255"
9000,Connecticut,,"343,101"
9001,Fairfield,2,"83,047"
9003,Hartford,1,"93,694"
9005,Litchfield,4,"12,741"
9007,Middlesex,1,"11,024"
9009,New Haven,2,"99,423"
9011,New London,2,"19,739"
9013,Tolland,1,"10,559"
9015,Windham,2,"12,874"
10000,Delaware,,"106,227"
10001,Kent,3,"22,195"
10003,New Castle,1,"56,289"
10005,Sussex,2,"27,742"
11000,District of Columbia,,"94,985"
11001,District of Columbia,1,"94,985"
12000,Florida,,"2,681,832"
12001,Alachua,2,"46,916"
12003,Baker,1,"3,914"
12005,Bay,3,"20,643"
12007,Bradford,6,"5,011"
12009,Brevard,2,"55,578"
12011,Broward,1,"237,486"
12013,Calhoun,6,"2,508"
12015,Charlotte,3,"21,188"
12017,Citrus,3,"22,291"
12019,Clay,1,"18,095"
12021,Collier,2,"35,928"
12023,Columbia,4,"10,338"
12027,DeSoto,6,"7,626"
12029,Dixie,6,"3,338"
12031,Duval,1,"126,963"
12033,Escambia,2,"46,519"
12035,Flagler,2,"11,049"
12037,Franklin,6,"1,995"
12039,Gadsden,2,"8,472"
12041,Gilchrist,2,"2,601"
12043,Glades,6,"2,377"
12045,Gulf,3,"1,848"
12047,Hamilton,6,"3,794"
12049,Hardee,6,"5,614"
12051,Hendry,4,"8,086"
12053,Hernando,1,"23,779"
12055,Highlands,3,"16,519"
12057,Hillsborough,1,"195,684"
12059,Holmes,6,"3,587"
12061,Indian River,3,"18,179"
12063,Jackson,6,"7,769"
12065,Jefferson,2,"2,276"
12067,Lafayette,9,"1,289"
12069,Lake,1,"39,419"
12071,Lee,2,"85,295"
12073,Leon,2,"58,203"
12075,Levy,6,"7,458"
12077,Liberty,8,"1,453"
12079,Madison,6,"3,732"
12081,Manatee,2,"44,991"
12083,Marion,2,"52,950"
12085,Martin,2,"14,000"
12086,Miami-Dade,1,"419,056"
12087,Monroe,4,"7,239"
12089,Nassau,1,"7,951"
12091,Okaloosa,3,"21,866"
12093,Okeechobee,4,"7,189"
12095,Orange,1,"171,599"
12097,Osceola,1,"49,803"
12099,Palm Beach,1,"168,026"
12101,Pasco,1,"61,716"
12103,Pinellas,1,"108,948"
12105,Polk,2,"99,590"
12107,Putnam,4,"16,318"
12109,St. Johns,1,"16,829"
12111,St. Lucie,2,"34,008"
12113,Santa Rosa,2,"17,435"
12115,Sarasota,2,"33,144"
12117,Seminole,1,"43,741"
12119,Sumter,3,"11,078"
12121,Suwannee,6,"7,144"
12123,Taylor,6,"3,792"
12125,Union,6,"2,065"
12127,Volusia,2,"70,554"
12129,Wakulla,2,"3,651"
12131,Walton,3,"7,740"
12133,Washington,6,"4,587"
13000,Georgia,,"1,397,607"
13001,Appling,7,"3,737"
13003,Atkinson,9,"1,887"
13005,Bacon,7,"2,080"
13007,Baker,3,749
13009,Baldwin,4,"8,934"
13011,Banks,8,"2,454"
13013,Barrow,1,"8,021"
13015,Bartow,1,"13,243"
13017,Ben Hill,7,"3,738"
13019,Berrien,6,"3,843"
13021,Bibb,3,"33,912"
13023,Bleckley,6,"2,112"
13025,Brantley,3,"3,056"
13027,Brooks,3,"3,372"
13029,Bryan,2,"3,073"
13031,Bulloch,4,"15,945"
13033,Burke,2,"5,197"
13035,Butts,1,"3,217"
13037,Calhoun,8,"1,608"
13039,Camden,4,"7,219"
13043,Candler,7,"2,427"
13045,Carroll,1,"17,148"
13047,Catoosa,2,"6,704"
13049,Charlton,6,"2,804"
13051,Chatham,2,"40,565"
13053,Chattahoochee,2,"1,547"
13055,Chattooga,6,"4,085"
13057,Cherokee,1,"16,725"
13059,Clarke,3,"30,277"
13061,Clay,9,797
13063,Clayton,1,"45,655"
13065,Clinch,6,"1,435"
13067,Cobb,1,"62,275"
13069,Coffee,7,"8,048"
13071,Colquitt,6,"9,738"
13073,Columbia,2,"8,747"
13075,Cook,6,"3,654"
13077,Coweta,1,"13,318"
13079,Crawford,3,"1,875"
13081,Crisp,6,"5,830"
13083,Dade,2,"2,038"
13085,Dawson,1,"2,267"
13087,Decatur,6,"5,915"
13089,DeKalb,1,"95,805"
13091,Dodge,6,"3,853"
13093,Dooly,6,"3,236"
13095,Dougherty,3,"23,192"
13097,Douglas,1,"15,842"
13099,Early,6,"2,733"
13101,Echols,3,861
13103,Effingham,2,"5,784"
13105,Elbert,6,"3,897"
13107,Emanuel,7,"4,441"
13109,Evans,6,"2,459"
13111,Fannin,8,"3,144"
13113,Fayette,1,"6,105"
13115,Floyd,3,"15,537"
13117,Forsyth,1,"11,024"
13119,Franklin,8,"3,887"
13121,Fulton,1,"141,979"
13123,Gilmer,6,"4,543"
13125,Glascock,9,486
13127,Glynn,3,"12,943"
13129,Gordon,4,"7,001"
13131,Grady,6,"5,276"
13133,Greene,6,"2,709"
13135,Gwinnett,1,"85,810"
13137,Habersham,6,"6,515"
13139,Hall,3,"27,137"
13141,Hancock,7,"2,225"
13143,Haralson,1,"4,223"
13145,Harris,2,"2,270"
13147,Hart,6,"3,717"
13149,Heard,1,"1,958"
13151,Henry,1,"18,819"
13153,Houston,3,"17,079"
13155,Irwin,7,"1,699"
13157,Jackson,4,"7,418"
13159,Jasper,1,"1,748"
13161,Jeff Davis,7,"3,169"
13163,Jefferson,6,"3,710"
13165,Jenkins,6,"2,162"
13167,Johnson,7,"1,931"
13169,Jones,3,"3,629"
13171,Lamar,1,"2,641"
13173,Lanier,3,"1,871"
13175,Laurens,5,"11,049"
13177,Lee,3,"2,715"
13179,Liberty,3,"8,680"
13181,Lincoln,2,"1,357"
13183,Long,3,"2,726"
13185,Lowndes,3,"22,685"
13187,Lumpkin,6,"4,432"
13189,McDuffie,2,"3,792"
13191,McIntosh,3,"2,671"
13193,Macon,6,"3,249"
13195,Madison,3,"4,608"
13197,Marion,2,"1,745"
13199,Meriwether,1,"4,634"
13201,Miller,8,"1,193"
13205,Mitchell,6,"6,048"
13207,Monroe,3,"2,787"
13209,Montgomery,9,"1,619"
13211,Morgan,1,"2,109"
13213,Murray,3,"5,755"
13215,Muscogee,2,"34,694"
13217,Newton,1,"12,348"
13219,Oconee,3,"2,236"
13221,Oglethorpe,3,"1,922"
13223,Paulding,1,"11,461"
13225,Peach,3,"5,203"
13227,Pickens,1,"3,327"
13229,Pierce,6,"3,157"
13231,Pike,1,"1,615"
13233,Polk,4,"6,816"
13235,Pulaski,3,"2,048"
13237,Putnam,6,"3,316"
13239,Quitman,9,523
13241,Rabun,7,"2,181"
13243,Randolph,6,"1,635"
13245,Richmond,2,"41,081"
13247,Rockdale,1,"10,873"
13249,Schley,8,834
13251,Screven,6,"3,239"
13253,Seminole,6,"1,808"
13255,Spalding,1,"11,537"
13257,Stephens,7,"3,794"
13259,Stewart,8,"1,702"
13261,Sumter,6,"7,420"
13263,Talbot,8,"1,210"
13265,Taliaferro,8,345
13267,Tattnall,6,"5,507"
13269,Taylor,8,"1,810"
13271,Telfair,7,"3,516"
13273,Terrell,3,"2,325"
13275,Thomas,4,"7,894"
13277,Tift,5,"8,380"
13279,Toombs,7,"5,086"
13281,Towns,9,"1,376"
13283,Treutlen,7,"2,043"
13285,Troup,4,"13,009"
13287,Turner,6,"2,132"
13289,Twiggs,3,"1,522"
13291,Union,9,"2,800"
13293,Upson,6,"4,932"
13295,Walker,2,"10,034"
13297,Walton,1,"10,070"
13299,Ware,5,"8,742"
13301,Warren,8,"1,372"
13303,Washington,7,"3,940"
13305,Wayne,6,"5,116"
13307,Webster,8,477
13309,Wheeler,9,"1,821"
13311,White,6,"3,259"
13313,Whitfield,3,"13,110"
13315,Wilcox,8,"1,991"
13317,Wilkes,6,"1,875"
13319,Wilkinson,8,"1,491"
13321,Worth,3,"4,061"
15000,Hawaii,,"124,650"
15001,Hawaii,5,"26,071"
15003,Honolulu,2,"74,282"
15005,Kalawao,3,
15007,Kauai,5,"6,659"
15009,Maui,3,"17,638"
16000,Idaho,,"193,741"
16001,Ada,2,"44,023"
16003,Adams,9,539
16005,Bannock,3,"11,554"
16007,Bear Lake,9,717
16009,Benewah,6,"1,415"
16011,Bingham,4,"5,145"
16013,Blaine,7,"1,657"
16015,Boise,2,899
16017,Bonner,6,"5,689"
16019,Bonneville,3,"10,953"
16021,Boundary,7,"1,794"
16023,Butte,3,376
16025,Camas,9,99
16027,Canyon,2,"22,828"
16029,Caribou,6,718
16031,Cassia,7,"2,843"
16033,Clark,9,122
16035,Clearwater,6,"1,082"
16037,Custer,8,556
16039,Elmore,6,"3,758"
16041,Franklin,3,"1,122"
16043,Fremont,6,"1,598"
16045,Gem,2,"2,266"
16047,Gooding,7,"2,285"
16049,Idaho,6,"2,227"
16051,Jefferson,3,"2,723"
16053,Jerome,7,"3,429"
16055,Kootenai,3,"16,374"
16057,Latah,4,"4,353"
16059,Lemhi,7,"1,070"
16061,Lewis,8,502
16063,Lincoln,9,592
16065,Madison,4,"10,731"
16067,Minidoka,7,"2,361"
16069,Nez Perce,3,"4,372"
16071,Oneida,8,507
16073,Owyhee,2,"1,736"
16075,Payette,6,"2,615"
16077,Power,6,998
16079,Shoshone,6,"2,426"
16081,Teton,9,931
16083,Twin Falls,5,"9,420"
16085,Valley,8,995
16087,Washington,6,"1,345"
17000,Illinois,,"1,415,838"
17001,Adams,5,"7,786"
17003,Alexander,3,"1,361"
17005,Bond,1,"1,920"
17007,Boone,2,"4,701"
17009,Brown,7,674
17011,Bureau,7,"3,594"
17013,Calhoun,1,452
17015,Carroll,7,"1,560"
17017,Cass,6,"1,554"
17019,Champaign,3,"38,566"
17021,Christian,6,"3,769"
17023,Clark,6,"1,636"
17025,Clay,7,"1,793"
17027,Clinton,1,"2,645"
17029,Coles,5,"7,957"
17031,Cook,1,"659,687"
17033,Crawford,7,"2,170"
17035,Cumberland,9,"1,075"
17037,DeKalb,1,"12,909"
17039,De Witt,3,"1,683"
17041,Douglas,6,"1,544"
17043,DuPage,1,"54,833"
17045,Edgar,6,"2,220"
17047,Edwards,9,744
17049,Effingham,7,"3,087"
17051,Fayette,6,"2,961"
17053,Ford,3,"1,256"
17055,Franklin,4,"6,199"
17057,Fulton,6,"4,181"
17059,Gallatin,8,911
17061,Greene,6,"1,730"
17063,Grundy,1,"2,827"
17065,Hamilton,7,"1,017"
17067,Hancock,7,"2,149"
17069,Hardin,9,683
17071,Henderson,9,724
17073,Henry,2,"4,164"
17075,Iroquois,6,"3,083"
17077,Jackson,3,"13,551"
17079,Jasper,7,942
17081,Jefferson,7,"5,267"
17083,Jersey,1,"2,171"
17085,Jo Daviess,6,"1,965"
17087,Johnson,8,"1,435"
17089,Kane,1,"43,305"
17091,Kankakee,3,"13,271"
17093,Kendall,1,"5,195"
17095,Knox,4,"8,490"
17097,Lake,1,"49,130"
17099,LaSalle,4,"12,837"
17101,Lawrence,7,"2,442"
17103,Lee,6,"3,724"
17105,Livingston,4,"4,319"
17107,Logan,6,"3,124"
17109,McDonough,5,"6,134"
17111,McHenry,1,"16,380"
17113,McLean,3,"23,034"
17115,Macon,3,"16,762"
17117,Macoupin,1,"5,934"
17119,Madison,1,"28,284"
17121,Marion,4,"5,456"
17123,Marshall,2,"1,007"
17125,Mason,6,"1,592"
17127,Massac,7,"2,143"
17129,Menard,3,986
17131,Mercer,2,"1,233"
17133,Monroe,1,"1,423"
17135,Montgomery,6,"4,140"
17137,Morgan,4,"4,209"
17139,Moultrie,6,"1,218"
17141,Ogle,4,"4,684"
17143,Peoria,2,"25,825"
17145,Perry,6,"2,650"
17147,Piatt,3,"1,054"
17149,Pike,7,"2,164"
17151,Pope,8,688
17153,Pulaski,8,"1,171"
17155,Putnam,8,435
17157,Randolph,6,"3,499"
17159,Richland,7,"1,980"
17161,Rock Island,2,"18,669"
17163,St. Clair,1,"33,979"
17165,Saline,6,"3,556"
17167,Sangamon,3,"23,367"
17169,Schuyler,7,753
17171,Scott,9,545
17173,Shelby,6,"2,000"
17175,Stark,2,587
17177,Stephenson,4,"4,997"
17179,Tazewell,2,"10,576"
17181,Union,6,"2,835"
17183,Vermilion,3,"12,253"
17185,Wabash,7,"1,533"
17187,Warren,6,"1,805"
17189,Washington,6,"1,099"
17191,Wayne,7,"2,116"
17193,White,6,"1,906"
17195,Whiteside,4,"6,176"
17197,Will,1,"44,518"
17199,Williamson,3,"8,627"
17201,Winnebago,2,"44,613"
17203,Woodford,2,"2,269"
18000,Indiana,,"773,367"
18001,Adams,6,"4,444"
18003,Allen,2,"39,176"
18005,Bartholomew,3,"9,205"
18007,Benton,3,752
18009,Blackford,6,"1,474"
18011,Boone,1,"4,619"
18013,Brown,1,"1,565"
18015,Carroll,3,"1,739"
18017,Cass,4,"4,630"
18019,Clark,1,"11,267"
18021,Clay,3,"2,920"
18023,Clinton,6,"3,545"
18025,Crawford,8,"1,723"
18027,Daviess,7,"3,686"
18029,Dearborn,1,"4,546"
18031,Decatur,6,"2,502"
18033,DeKalb,4,"4,040"
18035,Delaware,3,"22,680"
18037,Dubois,5,"2,465"
18039,Elkhart,3,"19,316"
18041,Fayette,6,"3,059"
18043,Floyd,1,"8,161"
18045,Fountain,6,"2,000"
18047,Franklin,6,"2,073"
18049,Fulton,7,"1,876"
18051,Gibson,6,"3,050"
18053,Grant,4,"9,713"
18055,Greene,6,"4,242"
18057,Hamilton,1,"14,199"
18059,Hancock,1,"3,978"
18061,Harrison,1,"3,276"
18063,Hendricks,1,"8,123"
18065,Henry,4,"5,709"
18067,Howard,3,"9,880"
18069,Huntington,6,"3,407"
18071,Jackson,4,"4,391"
18073,Jasper,1,"2,854"
18075,Jay,6,"2,510"
18077,Jefferson,6,"3,476"
18079,Jennings,6,"3,169"
18081,Johnson,1,"9,294"
18083,Knox,5,"4,381"
18085,Kosciusko,4,"6,996"
18087,LaGrange,6,"2,943"
18089,Lake,1,"69,073"
18091,LaPorte,3,"13,771"
18093,Lawrence,6,"4,670"
18095,Madison,1,"16,056"
18097,Marion,1,"143,107"
18099,Marshall,6,"4,947"
18101,Martin,7,"1,098"
18103,Miami,6,"4,162"
18105,Monroe,3,"27,710"
18107,Montgomery,6,"4,478"
18109,Morgan,1,"6,201"
18111,Newton,1,"1,300"
18113,Noble,6,"3,662"
18115,Ohio,1,554
18117,Orange,6,"2,728"
18119,Owen,3,"2,447"
18121,Parke,6,"2,308"
18123,Perry,6,"2,113"
18125,Pike,8,"1,140"
18127,Porter,1,"13,421"
18129,Posey,2,"2,167"
18131,Pulaski,6,"1,357"
18133,Putnam,1,"3,408"
18135,Randolph,6,"3,222"
18137,Ripley,6,"2,525"
18139,Rush,6,"1,785"
18141,St. Joseph,2,"39,848"
18143,Scott,1,"3,194"
18145,Shelby,1,"4,414"
18147,Spencer,8,"1,728"
18149,Starke,6,"3,046"
18151,Steuben,7,"2,846"
18153,Sullivan,3,"2,643"
18155,Switzerland,8,"1,529"
18157,Tippecanoe,3,"28,780"
18159,Tipton,6,"1,166"
18161,Union,1,667
18163,Vanderburgh,2,"25,190"
18165,Vermillion,3,"1,859"
18167,Vigo,3,"20,241"
18169,Wabash,6,"3,163"
18171,Warren,8,766
18173,Warrick,2,"3,888"
18175,Washington,1,"3,325"
18177,Wayne,5,"9,577"
18179,Wells,2,"2,041"
18181,White,6,"2,429"
18183,Whitley,2,"2,559"
19000,Iowa,,"337,156"
19001,Adair,8,750
19003,Adams,9,450
19005,Allamakee,6,"1,745"
19007,Appanoose,7,"2,373"
19009,Audubon,8,587
19011,Benton,2,"1,964"
19013,Black Hawk,3,"17,407"
19015,Boone,6,"2,227"
19017,Bremer,3,"1,581"
19019,Buchanan,6,"1,984"
19021,Buena Vista,7,"1,903"
19023,Butler,8,"1,492"
19025,Calhoun,9,"1,032"
19027,Carroll,7,"1,631"
19029,Cass,6,"1,798"
19031,Cedar,6,"1,433"
19033,Cerro Gordo,5,"3,504"
19035,Cherokee,6,"1,105"
19037,Chickasaw,6,"1,012"
19039,Clarke,6,"1,078"
19041,Clay,7,"1,627"
19043,Clayton,8,"1,910"
19045,Clinton,4,"6,009"
19047,Crawford,7,"2,074"
19049,Dallas,2,"3,956"
19051,Davis,9,"1,021"
19053,Decatur,9,"1,309"
19055,Delaware,6,"1,450"
19057,Des Moines,5,"5,703"
19059,Dickinson,7,"1,192"
19061,Dubuque,3,"10,030"
19063,Emmet,7,999
19065,Fayette,6,"2,489"
19067,Floyd,7,"1,802"
19069,Franklin,7,"1,105"
19071,Fremont,8,789
19073,Greene,6,986
19075,Grundy,3,659
19077,Guthrie,2,929
19079,Hamilton,6,"1,320"
19081,Hancock,7,945
19083,Hardin,6,"1,689"
19085,Harrison,2,"1,206"
19087,Henry,6,"2,142"
19089,Howard,6,865
19091,Humboldt,7,"1,010"
19093,Ida,8,704
19095,Iowa,6,"1,056"
19097,Jackson,6,"2,362"
19099,Jasper,6,"2,968"
19101,Jefferson,7,"2,386"
19103,Johnson,3,"22,937"
19105,Jones,2,"1,844"
19107,Keokuk,8,"1,150"
19109,Kossuth,7,"1,506"
19111,Lee,5,"4,859"
19113,Linn,2,"24,600"
19115,Louisa,8,999
19117,Lucas,6,"1,263"
19119,Lyon,8,858
19121,Madison,2,"1,114"
19123,Mahaska,7,"2,316"
19125,Marion,6,"2,636"
19127,Marshall,4,"4,947"
19129,Mills,2,"1,283"
19131,Mitchell,7,961
19133,Monona,6,"1,028"
19135,Monroe,7,811
19137,Montgomery,6,"1,279"
19139,Muscatine,4,"4,249"
19141,O'Brien,7,"1,365"
19143,Osceola,7,544
19145,Page,6,"2,020"
19147,Palo Alto,7,952
19149,Plymouth,3,"1,796"
19151,Pocahontas,9,654
19153,Polk,2,"48,468"
19155,Pottawattamie,2,"10,002"
19157,Poweshiek,7,"1,951"
19159,Ringgold,9,713
19161,Sac,9,903
19163,Scott,2,"20,016"
19165,Shelby,6,970
19167,Sioux,7,"2,272"
19169,Story,3,"13,727"
19171,Tama,6,"2,168"
19173,Taylor,9,753
19175,Union,6,"1,433"
19177,Van Buren,9,895
19179,Wapello,5,"4,842"
19181,Warren,2,"3,621"
19183,Washington,3,"1,971"
19185,Wayne,9,"1,211"
19187,Webster,5,"4,005"
19189,Winnebago,7,"1,011"
19191,Winneshiek,7,"1,549"
19193,Woodbury,3,"12,882"
19195,Worth,9,711
19197,Wright,7,"1,364"
20000,Kansas,,"319,931"
20001,Allen,7,"2,067"
20003,Anderson,6,982
20005,Atchison,6,"2,051"
20007,Barber,9,593
20009,Barton,7,"3,345"
20011,Bourbon,6,"2,185"
20013,Brown,6,"1,454"
20015,Butler,2,"5,460"
20017,Chase,9,285
20019,Chautauqua,8,518
20021,Cherokee,6,"3,016"
20023,Cheyenne,9,301
20025,Clark,9,238
20027,Clay,6,780
20029,Cloud,7,"1,123"
20031,Coffey,6,903
20033,Comanche,9,187
20035,Cowley,4,"4,416"
20037,Crawford,4,"6,828"
20039,Decatur,9,361
20041,Dickinson,7,"1,764"
20043,Doniphan,3,810
20045,Douglas,3,"17,127"
20047,Edwards,9,322
20049,Elk,8,481
20051,Ellis,5,"3,596"
20053,Ellsworth,7,490
20055,Finney,5,"4,647"
20057,Ford,5,"4,522"
20059,Franklin,6,"2,594"
20061,Geary,4,"3,586"
20063,Gove,9,246
20065,Graham,9,288
20067,Grant,7,743
20069,Gray,9,448
20071,Greeley,9,131
20073,Greenwood,6,873
20075,Hamilton,9,332
20077,Harper,8,751
20079,Harvey,2,"3,058"
20081,Haskell,9,379
20083,Hodgeman,9,184
20085,Jackson,3,"1,410"
20087,Jefferson,3,"1,456"
20089,Jewell,9,369
20091,Johnson,1,"31,666"
20093,Kearny,9,389
20095,Kingman,2,783
20097,Kiowa,9,281
20099,Labette,7,"3,027"
20101,Lane,9,157
20103,Leavenworth,1,"6,255"
20105,Lincoln,9,350
20107,Linn,1,"1,148"
20109,Logan,9,274
20111,Lyon,4,"4,790"
20113,McPherson,7,"1,991"
20115,Marion,6,"1,191"
20117,Marshall,6,896
20119,Meade,9,380
20121,Miami,1,"2,294"
20123,Mitchell,7,630
20125,Montgomery,5,"4,807"
20127,Morris,8,582
20129,Morton,9,292
20131,Nemaha,6,872
20133,Neosho,7,"2,426"
20135,Ness,9,283
20137,Norton,7,527
20139,Osage,3,"2,231"
20141,Osborne,9,445
20143,Ottawa,9,553
20145,Pawnee,7,755
20147,Phillips,7,565
20149,Pottawatomie,3,"1,735"
20151,Pratt,7,981
20153,Rawlins,9,352
20155,Reno,4,"7,882"
20157,Republic,9,553
20159,Rice,7,"1,042"
20161,Riley,3,"13,334"
20163,Rooks,9,509
20165,Rush,9,362
20167,Russell,7,974
20169,Saline,5,"6,514"
20171,Scott,7,372
20173,Sedgwick,2,"64,061"
20175,Seward,5,"2,969"
20177,Shawnee,3,"16,817"
20179,Sheridan,9,294
20181,Sherman,7,725
20183,Smith,9,407
20185,Stafford,9,559
20187,Stanton,9,206
20189,Stevens,7,524
20191,Sumner,2,"2,542"
20193,Thomas,7,670
20195,Trego,9,295
20197,Wabaunsee,3,472
20199,Wallace,9,181
20201,Washington,9,502
20203,Wichita,9,230
20205,Wilson,7,"1,110"
20207,Woodson,9,440
20209,Wyandotte,1,"33,777"
21000,Kentucky,,"692,875"
21001,Adair,7,"3,832"
21003,Allen,3,"3,543"
21005,Anderson,6,"2,294"
21007,Ballard,9,"1,195"
21009,Barren,6,"8,697"
21011,Bath,8,"2,397"
21013,Bell,7,"7,569"
21015,Boone,1,"9,435"
21017,Bourbon,2,"2,736"
21019,Boyd,2,"9,186"
21021,Boyle,7,"4,119"
21023,Bracken,1,"1,156"
21025,Breathitt,7,"3,609"
21027,Breckinridge,8,"3,675"
21029,Bullitt,1,"6,294"
21031,Butler,3,"2,261"
21033,Caldwell,7,"1,982"
21035,Calloway,7,"5,875"
21037,Campbell,1,"9,833"
21039,Carlisle,9,725
21041,Carroll,6,"1,569"
21043,Carter,6,"5,207"
21045,Casey,9,"3,938"
21047,Christian,2,"12,219"
21049,Clark,2,"4,627"
21051,Clay,7,"5,905"
21053,Clinton,9,"2,353"
21055,Crittenden,7,"1,646"
21057,Cumberland,9,"1,492"
21059,Daviess,3,"15,213"
21061,Edmonson,3,"1,925"
21063,Elliott,9,"1,775"
21065,Estill,6,"3,161"
21067,Fayette,2,"47,657"
21069,Fleming,7,"3,065"
21071,Floyd,7,"9,632"
21073,Franklin,4,"5,680"
21075,Fulton,9,"1,412"
21077,Gallatin,1,"1,167"
21079,Garrard,6,"2,741"
21081,Grant,1,"3,256"
21083,Graves,7,"6,551"
21085,Grayson,6,"5,175"
21087,Green,8,"2,010"
21089,Greenup,2,"5,490"
21091,Hancock,3,"1,055"
21093,Hardin,3,"11,476"
21095,Harlan,7,"7,918"
21097,Harrison,6,"2,845"
21099,Hart,8,"3,767"
21101,Henderson,2,"7,172"
21103,Henry,1,"2,337"
21105,Hickman,9,703
21107,Hopkins,5,"7,829"
21109,Jackson,9,"3,655"
21111,Jefferson,1,"106,552"
21113,Jessamine,2,"5,744"
21115,Johnson,7,"5,575"
21117,Kenton,1,"18,352"
21119,Knott,9,"4,291"
21121,Knox,7,"9,538"
21123,Larue,3,"2,160"
21125,Laurel,5,"12,793"
21127,Lawrence,6,"3,546"
21129,Lee,9,"2,220"
21131,Leslie,9,"3,106"
21133,Letcher,9,"6,158"
21135,Lewis,8,"3,036"
21137,Lincoln,7,"4,770"
21139,Livingston,9,"1,110"
21141,Logan,6,"4,080"
21143,Lyon,9,"1,015"
21145,McCracken,5,"9,947"
21147,McCreary,9,"5,319"
21149,McLean,3,"1,268"
21151,Madison,4,"15,284"
21153,Magoffin,9,"3,528"
21155,Marion,7,"3,148"
21157,Marshall,7,"3,596"
21159,Martin,9,"3,353"
21161,Mason,6,"2,619"
21163,Meade,3,"3,206"
21165,Menifee,9,"1,661"
21167,Mercer,6,"2,990"
21169,Metcalfe,9,"2,241"
21171,Monroe,8,"2,263"
21173,Montgomery,6,"4,373"
21175,Morgan,9,"2,997"
21177,Muhlenberg,6,"5,425"
21179,Nelson,6,"4,773"
21181,Nicholas,8,"1,236"
21183,Ohio,6,"3,672"
21185,Oldham,1,"3,070"
21187,Owen,8,"1,703"
21189,Owsley,9,"1,528"
21191,Pendleton,1,"1,791"
21193,Perry,7,"6,080"
21195,Pike,7,"13,523"
21197,Powell,6,"2,593"
21199,Pulaski,5,"14,392"
21201,Robertson,8,450
21203,Rockcastle,7,"3,425"
21205,Rowan,7,"4,976"
21207,Russell,9,"3,990"
21209,Scott,2,"4,795"
21211,Shelby,1,"4,449"
21213,Simpson,6,"2,264"
21215,Spencer,1,"1,403"
21217,Taylor,7,"3,997"
21219,Todd,8,"2,060"
21221,Trigg,2,"2,119"
21223,Trimble,1,996
21225,Union,6,"2,455"
21227,Warren,3,"19,308"
21229,Washington,9,"1,723"
21231,Wayne,7,"4,736"
21233,Webster,8,"2,032"
21235,Whitley,7,"7,763"
21237,Wolfe,9,"2,108"
21239,Woodford,2,"2,162"
22000,Louisiana,,"847,739"
22001,Acadia,2,"12,365"
22003,Allen,6,"4,610"
22005,Ascension,2,"12,011"
22007,Assumption,6,"4,071"
22009,Avoyelles,6,"8,980"
22011,Beauregard,6,"5,167"
22013,Bienville,6,"3,137"
22015,Bossier,2,"20,339"
22017,Caddo,2,"56,480"
22019,Calcasieu,3,"37,742"
22021,Caldwell,8,"1,818"
22023,Cameron,3,949
22025,Catahoula,9,"2,275"
22027,Claiborne,6,"4,135"
22029,Concordia,7,"4,873"
22031,De Soto,2,"4,898"
22033,East Baton Rouge,2,"76,011"
22035,East Carroll,7,"2,221"
22037,East Feliciana,2,"3,130"
22039,Evangeline,6,"9,115"
22041,Franklin,7,"4,990"
22043,Grant,3,"3,610"
22045,Iberia,2,"15,059"
22047,Iberville,2,"5,370"
22049,Jackson,6,"2,827"
22051,Jefferson,1,"62,709"
22053,Jefferson Davis,6,"5,877"
22055,Lafayette,2,"39,646"
22057,Lafourche,3,"16,755"
22059,La Salle,6,"2,300"
22061,Lincoln,4,"12,361"
22063,Livingston,2,"16,700"
22065,Madison,7,"3,855"
22067,Morehouse,6,"7,449"
22069,Natchitoches,6,"7,047"
22071,Orleans,1,"88,917"
22073,Ouachita,3,"35,315"
22075,Plaquemines,1,"3,450"
22077,Pointe Coupee,2,"4,312"
22079,Rapides,3,"23,052"
22081,Red River,8,"1,970"
22083,Richland,6,"4,810"
22085,Sabine,6,"4,296"
22087,St. Bernard,1,"8,967"
22089,St. Charles,1,"5,824"
22091,St. Helena,2,"1,952"
22093,St. James,1,"3,455"
22095,St. John the Baptist,1,"6,780"
22097,St. Landry,4,"18,256"
22099,St. Martin,2,"9,811"
22101,St. Mary,4,"11,532"
22103,St. Tammany,1,"29,707"
22105,Tangipahoa,3,"28,408"
22107,Tensas,9,"1,247"
22109,Terrebonne,3,"20,691"
22111,Union,3,"4,187"
22113,Vermilion,2,"10,017"
22115,Vernon,5,"6,850"
22117,Washington,6,"11,062"
22119,Webster,2,"10,967"
22121,West Baton Rouge,2,"3,734"
22123,West Carroll,9,"2,177"
22125,West Feliciana,2,"2,261"
22127,Winn,6,"2,852"
23000,Maine,,"141,566"
23001,Androscoggin,3,"10,871"
23003,Aroostook,7,"10,052"
23005,Cumberland,2,"22,333"
23007,Franklin,6,"3,653"
23009,Hancock,6,"5,695"
23011,Kennebec,4,"13,605"
23013,Knox,7,"4,174"
23015,Lincoln,8,"3,727"
23017,Oxford,6,"7,414"
23019,Penobscot,3,"17,894"
23021,Piscataquis,8,"2,717"
23023,Sagadahoc,2,"3,054"
23025,Somerset,6,"9,059"
23027,Waldo,6,"5,318"
23029,Washington,7,"6,009"
23031,York,2,"15,990"
24000,Maryland,,"537,717"
24001,Allegany,3,"10,038"
24003,Anne Arundel,1,"32,641"
24005,Baltimore,1,"71,496"
24009,Calvert,1,"5,216"
24011,Caroline,6,"3,990"
24013,Carroll,1,"8,359"
24015,Cecil,1,"10,469"
24017,Charles,1,"10,268"
24019,Dorchester,6,"5,160"
24021,Frederick,1,"14,538"
24023,Garrett,6,"3,644"
24025,Harford,1,"16,851"
24027,Howard,1,"16,216"
24029,Kent,6,"2,242"
24031,Montgomery,1,"75,836"
24033,Prince George's,1,"76,853"
24035,Queen Anne's,1,"2,967"
24037,St. Mary's,3,"8,494"
24039,Somerset,2,"4,775"
24041,Talbot,6,"3,210"
24043,Washington,2,"17,545"
24045,Wicomico,2,"15,845"
24047,Worcester,2,"5,103"
24510,Baltimore,1,"115,961"
25000,Massachusetts,,"631,551"
25001,Barnstable,3,"13,595"
25003,Berkshire,3,"13,321"
25005,Bristol,1,"62,413"
25007,Dukes,7,"1,249"
25009,Essex,1,"68,255"
25011,Franklin,4,"6,403"
25013,Hampden,2,"62,331"
25015,Hampshire,2,"15,342"
25017,Middlesex,1,"108,177"
25019,Nantucket,7,620
25021,Norfolk,1,"40,148"
25023,Plymouth,1,"37,885"
25025,Suffolk,1,"126,266"
25027,Worcester,2,"75,546"
26000,Michigan,,"1,264,445"
26001,Alcona,9,"1,846"
26003,Alger,7,"1,020"
26005,Allegan,4,"12,648"
26007,Alpena,7,"3,894"
26009,Antrim,9,"2,216"
26011,Arenac,8,"2,528"
26013,Baraga,9,984
26015,Barry,2,"4,749"
26017,Bay,3,"13,645"
26019,Benzie,9,"1,685"
26021,Berrien,3,"23,806"
26023,Branch,6,"5,462"
26025,Calhoun,3,"18,085"
26027,Cass,2,"7,558"
26029,Charlevoix,7,"2,510"
26031,Cheboygan,7,"3,716"
26033,Chippewa,7,"5,966"
26035,Clare,6,"5,982"
26037,Clinton,2,"6,164"
26039,Crawford,7,"1,933"
26041,Delta,5,"4,844"
26043,Dickinson,7,"2,457"
26045,Eaton,2,"8,093"
26047,Emmet,7,"3,029"
26049,Genesee,2,"66,557"
26051,Gladwin,6,"3,401"
26053,Gogebic,7,"2,325"
26055,Grand Traverse,5,"6,638"
26057,Gratiot,6,"5,035"
26059,Hillsdale,6,"6,771"
26061,Houghton,5,"4,828"
26063,Huron,7,"4,190"
26065,Ingham,2,"47,655"
26067,Ionia,4,"6,792"
26069,Iosco,7,"3,495"
26071,Iron,7,"1,473"
26073,Isabella,4,"14,755"
26075,Jackson,3,"20,500"
26077,Kalamazoo,2,"34,247"
26079,Kalkaska,7,"2,478"
26081,Kent,2,"72,323"
26083,Keweenaw,9,217
26085,Lake,9,"2,342"
26087,Lapeer,1,"8,674"
26089,Leelanau,9,"1,541"
26091,Lenawee,4,"11,037"
26093,Livingston,1,"8,415"
26095,Luce,7,969
26097,Mackinac,7,"1,507"
26099,Macomb,1,"74,273"
26101,Manistee,7,"2,862"
26103,Marquette,5,"7,321"
26105,Mason,7,"3,992"
26107,Mecosta,6,"7,976"
26109,Menominee,7,"3,029"
26111,Midland,3,"7,920"
26113,Missaukee,9,"1,633"
26115,Monroe,3,"15,223"
26117,Montcalm,2,"7,559"
26119,Montmorency,9,"1,321"
26121,Muskegon,3,"22,745"
26123,Newaygo,6,"7,576"
26125,Oakland,1,"96,558"
26127,Oceana,6,"3,880"
26129,Ogemaw,9,"3,768"
26131,Ontonagon,9,755
26133,Osceola,9,"3,376"
26135,Oscoda,9,"1,258"
26137,Otsego,7,"2,429"
26139,Ottawa,2,"22,048"
26141,Presque Isle,7,"1,344"
26143,Roscommon,7,"3,636"
26145,Saginaw,3,"34,239"
26147,St. Clair,1,"16,375"
26149,St. Joseph,4,"7,779"
26151,Sanilac,6,"5,528"
26153,Schoolcraft,7,"1,138"
26155,Shiawassee,4,"7,344"
26157,Tuscola,6,"5,948"
26159,Van Buren,2,"9,697"
26161,Washtenaw,2,"44,991"
26163,Wayne,1,"341,821"
26165,Wexford,7,"4,118"
27000,Minnesota,,"491,782"
27001,Aitkin,8,"1,947"
27003,Anoka,1,"21,793"
27005,Becker,6,"3,447"
27007,Beltrami,7,"7,357"
27009,Benton,3,"3,465"
27011,Big Stone,9,533
27013,Blue Earth,3,"9,729"
27015,Brown,6,"1,763"
27017,Carlton,2,"3,114"
27019,Carver,1,"4,492"
27021,Cass,9,"3,359"
27023,Chippewa,7,"1,210"
27025,Chisago,1,"3,403"
27027,Clay,3,"7,283"
27029,Clearwater,8,"1,002"
27031,Cook,9,484
27033,Cottonwood,7,"1,182"
27035,Crow Wing,4,"6,749"
27037,Dakota,1,"26,714"
27039,Dodge,3,"1,159"
27041,Douglas,6,"2,375"
27043,Faribault,6,"1,615"
27045,Fillmore,3,"1,940"
27047,Freeborn,7,"2,858"
27049,Goodhue,4,"3,248"
27051,Grant,9,519
27053,Hennepin,1,"120,032"
27055,Houston,3,"1,430"
27057,Hubbard,7,"2,386"
27059,Isanti,1,"2,761"
27061,Itasca,6,"4,946"
27063,Jackson,7,953
27065,Kanabec,6,"1,632"
27067,Kandiyohi,4,"4,136"
27069,Kittson,9,386
27071,Koochiching,6,"1,559"
27073,Lac qui Parle,9,614
27075,Lake,6,945
27077,Lake of the Woods,9,337
27079,Le Sueur,1,"2,027"
27081,Lincoln,9,556
27083,Lyon,7,"2,609"
27085,McLeod,6,"2,224"
27087,Mahnomen,8,"1,158"
27089,Marshall,8,691
27091,Martin,7,"2,041"
27093,Meeker,6,"1,807"
27095,Mille Lacs,1,"2,914"
27097,Morrison,6,"2,944"
27099,Mower,4,"4,539"
27101,Murray,9,682
27103,Nicollet,3,"3,146"
27105,Nobles,7,"2,334"
27107,Norman,8,647
27109,Olmsted,3,"10,482"
27111,Otter Tail,6,"6,331"
27113,Pennington,6,"1,342"
27115,Pine,6,"3,219"
27117,Pipestone,6,986
27119,Polk,3,"3,266"
27121,Pope,8,982
27123,Ramsey,1,"66,340"
27125,Red Lake,8,397
27127,Redwood,7,"1,433"
27129,Renville,8,"1,418"
27131,Rice,4,"4,919"
27133,Rock,6,785
27135,Roseau,7,902
27137,St. Louis,2,"24,428"
27139,Scott,1,"6,157"
27141,Sherburne,1,"5,170"
27143,Sibley,1,"1,574"
27145,Stearns,3,"17,305"
27147,Steele,5,"2,262"
27149,Stevens,7,"1,061"
27151,Swift,7,864
27153,Todd,6,"2,874"
27155,Traverse,9,374
27157,Wabasha,3,"1,803"
27159,Wadena,7,"1,658"
27161,Waseca,6,"1,569"
27163,Washington,1,"11,924"
27165,Watonwan,6,"1,081"
27167,Wilkin,6,551
27169,Winona,4,"5,165"
27171,Wright,1,"7,079"
27173,Yellow Medicine,9,910
28000,Mississippi,,"559,764"
28001,Adams,5,"7,891"
28003,Alcorn,7,"6,251"
28005,Amite,8,"2,537"
28007,Attala,6,"4,290"
28009,Benton,1,"1,685"
28011,Bolivar,7,"10,665"
28013,Calhoun,9,"2,428"
28015,Carroll,9,"1,641"
28017,Chickasaw,7,"3,755"
28019,Choctaw,9,"1,693"
28021,Claiborne,8,"2,875"
28023,Clarke,9,"3,573"
28025,Clay,7,"5,635"
28027,Coahoma,7,"8,210"
28029,Copiah,2,"6,082"
28031,Covington,8,"3,897"
28033,DeSoto,1,"17,313"
28035,Forrest,3,"16,776"
28037,Franklin,9,"1,496"
28039,George,6,"3,961"
28041,Greene,8,"2,389"
28043,Grenada,7,"4,162"
28045,Hancock,2,"7,869"
28047,Harrison,2,"35,341"
28049,Hinds,2,"44,973"
28051,Holmes,6,"5,447"
28053,Humphreys,6,"2,949"
28055,Issaquena,8,353
28057,Itawamba,7,"2,868"
28059,Jackson,2,"21,371"
28061,Jasper,9,"3,333"
28063,Jefferson,8,"1,910"
28065,Jefferson Davis,8,"2,676"
28067,Jones,4,"15,816"
28069,Kemper,9,"2,430"
28071,Lafayette,4,"8,642"
28073,Lamar,3,"10,059"
28075,Lauderdale,5,"15,208"
28077,Lawrence,8,"2,466"
28079,Leake,6,"5,007"
28081,Lee,5,"12,271"
28083,Leflore,5,"9,631"
28085,Lincoln,6,"6,564"
28087,Lowndes,5,"9,836"
28089,Madison,2,"10,541"
28091,Marion,6,"5,661"
28093,Marshall,1,"6,777"
28095,Monroe,7,"6,211"
28097,Montgomery,7,"2,285"
28099,Neshoba,7,"6,228"
28101,Newton,7,"4,163"
28103,Noxubee,7,"2,989"
28105,Oktibbeha,5,"14,067"
28107,Panola,6,"7,738"
28109,Pearl River,6,"9,767"
28111,Perry,3,"2,358"
28113,Pike,6,"10,040"
28115,Pontotoc,7,"5,041"
28117,Prentiss,7,"3,814"
28119,Quitman,6,"2,322"
28121,Rankin,2,"16,526"
28123,Scott,6,"5,485"
28125,Sharkey,8,"1,415"
28127,Simpson,2,"4,656"
28129,Smith,8,"2,988"
28131,Stone,6,"3,144"
28133,Sunflower,7,"7,156"
28135,Tallahatchie,7,"4,304"
28137,Tate,1,"4,114"
28139,Tippah,6,"3,500"
28141,Tishomingo,8,"3,242"
28143,Tunica,1,"2,666"
28145,Union,6,"3,694"
28147,Walthall,9,"3,063"
28149,Warren,4,"9,016"
28151,Washington,5,"14,550"
28153,Wayne,7,"4,447"
28155,Webster,9,"1,631"
28157,Wilkinson,8,"2,340"
28159,Winston,7,"4,441"
28161,Yalobusha,7,"2,906"
28163,Yazoo,2,"8,253"
29000,Missouri,,"766,238"
29001,Adair,7,"4,308"
29003,Andrew,3,"1,559"
29005,Atchison,9,648
29007,Audrain,6,"3,797"
29009,Barry,6,"6,569"
29011,Barton,6,"1,737"
29013,Bates,1,"2,674"
29015,Benton,7,"3,208"
29017,Bollinger,3,"1,734"
29019,Boone,3,"29,399"
29021,Buchanan,3,"13,094"
29023,Butler,5,"9,362"
29025,Caldwell,1,"1,197"
29027,Callaway,3,"4,735"
29029,Camden,7,"6,149"
29031,Cape Girardeau,3,"10,909"
29033,Carroll,6,"1,183"
29035,Carter,9,"1,176"
29037,Cass,1,"8,226"
29039,Cedar,6,"2,529"
29041,Chariton,9,901
29043,Christian,2,"9,091"
29045,Clark,9,943
29047,Clay,1,"22,470"
29049,Clinton,1,"1,968"
29051,Cole,3,"7,628"
29053,Cooper,6,"1,896"
29055,Crawford,6,"3,656"
29057,Dade,8,"1,180"
29059,Dallas,2,"2,954"
29061,Daviess,8,"1,425"
29063,DeKalb,3,"1,329"
29065,Dent,7,"2,917"
29067,Douglas,6,"2,434"
29069,Dunklin,7,"7,569"
29071,Franklin,1,"9,546"
29073,Gasconade,6,"1,671"
29075,Gentry,8,740
29077,Greene,2,"40,634"
29079,Grundy,7,"1,774"
29081,Harrison,7,"1,266"
29083,Henry,6,"3,729"
29085,Hickory,8,"1,712"
29087,Holt,8,508
29089,Howard,6,"1,205"
29091,Howell,7,"8,213"
29093,Iron,7,"2,046"
29095,Jackson,1,"94,823"
29097,Jasper,3,"22,258"
29099,Jefferson,1,"18,767"
29101,Johnson,4,"5,724"
29103,Knox,9,645
29105,Laclede,6,"5,544"
29107,Lafayette,1,"3,430"
29109,Lawrence,6,"6,046"
29111,Lewis,9,"1,503"
29113,Lincoln,1,"5,456"
29115,Linn,7,"2,207"
29117,Livingston,6,"1,984"
29119,McDonald,2,"4,173"
29121,Macon,7,"1,842"
29123,Madison,6,"1,982"
29125,Maries,8,"1,229"
29127,Marion,5,"3,776"
29129,Mercer,9,453
29131,Miller,6,"3,818"
29133,Mississippi,6,"3,130"
29135,Moniteau,3,"1,617"
29137,Monroe,9,"1,143"
29139,Montgomery,6,"1,482"
29141,Morgan,8,"3,594"
29143,New Madrid,7,"3,758"
29145,Newton,3,"7,511"
29147,Nodaway,6,"3,302"
29149,Oregon,9,"2,132"
29151,Osage,3,"1,199"
29153,Ozark,9,"2,056"
29155,Pemiscot,7,"4,178"
29157,Perry,6,"1,710"
29159,Pettis,4,"5,349"
29161,Phelps,5,"7,069"
29163,Pike,6,"2,802"
29165,Platte,1,"5,451"
29167,Polk,2,"6,005"
29169,Pulaski,5,"6,185"
29171,Putnam,9,725
29173,Ralls,9,"1,026"
29175,Randolph,6,"3,710"
29177,Ray,1,"2,076"
29179,Reynolds,9,"1,333"
29181,Ripley,9,"2,581"
29183,St. Charles,1,"18,379"
29185,St. Clair,8,"1,771"
29186,Ste. Genevieve,6,"1,698"
29187,St. Francois,4,"10,201"
29189,St. Louis,1,"90,474"
29195,Saline,6,"3,357"
29197,Schuyler,9,953
29199,Scotland,9,688
29201,Scott,4,"6,730"
29203,Shannon,9,"1,827"
29205,Shelby,9,906
29207,Stoddard,6,"5,249"
29209,Stone,6,"4,873"
29211,Sullivan,9,935
29213,Taney,4,"6,818"
29215,Texas,9,"4,923"
29217,Vernon,7,"3,367"
29219,Warren,1,"3,521"
29221,Washington,6,"5,269"
29223,Wayne,9,"2,620"
29225,Webster,2,"6,236"
29227,Worth,9,292
29229,Wright,6,"3,534"
29510,St. Louis,1,"59,238"
30000,Montana,,"130,974"
30001,Beaverhead,7,"1,302"
30003,Big Horn,6,"3,430"
30005,Blaine,9,"1,401"
30007,Broadwater,9,556
30009,Carbon,3,"1,078"
30011,Carter,9,175
30013,Cascade,3,"11,259"
30015,Chouteau,8,857
30017,Custer,7,"1,427"
30019,Daniels,9,180
30021,Dawson,7,955
30023,Deer Lodge,7,"1,350"
30025,Fallon,9,272
30027,Fergus,7,"1,418"
30029,Flathead,5,"9,689"
30031,Gallatin,5,"11,486"
30033,Garfield,9,206
30035,Glacier,7,"3,449"
30037,Golden Valley,3,155
30039,Granite,8,417
30041,Hill,7,"2,517"
30043,Jefferson,9,967
30045,Judith Basin,8,290
30047,Lake,6,"5,181"
30049,Lewis and Clark,5,"6,393"
30051,Liberty,9,425
30053,Lincoln,7,"3,440"
30055,McCone,9,238
30057,Madison,9,823
30059,Meagher,9,282
30061,Mineral,8,681
30063,Missoula,3,"13,748"
30065,Musselshell,8,758
30067,Park,7,"1,940"
30069,Petroleum,9,72
30071,Phillips,9,557
30073,Pondera,7,995
30075,Powder River,9,227
30077,Powell,6,846
30079,Prairie,9,138
30081,Ravalli,6,"4,859"
30083,Richland,7,945
30085,Roosevelt,7,"2,617"
30087,Rosebud,9,"1,437"
30089,Sanders,8,"1,994"
30091,Sheridan,9,399
30093,Silver Bow,5,"5,175"
30095,Stillwater,8,887
30097,Sweet Grass,9,380
30099,Teton,8,799
30101,Toole,7,650
30103,Treasure,8,85
30105,Valley,7,932
30107,Wheatland,9,377
30109,Wibaux,9,106
30111,Yellowstone,3,"17,752"
31000,Nebraska,,"186,402"
31001,Adams,4,"3,181"
31003,Antelope,9,761
31005,Arthur,9,63
31007,Banner,9,84
31009,Blaine,9,74
31011,Boone,9,509
31013,Box Butte,7,"1,096"
31015,Boyd,9,263
31017,Brown,9,337
31019,Buffalo,4,"5,480"
31021,Burt,8,636
31023,Butler,6,644
31025,Cass,2,"1,361"
31027,Cedar,9,707
31029,Chase,9,348
31031,Cherry,7,601
31033,Cheyenne,7,884
31035,Clay,8,647
31037,Colfax,7,868
31039,Cuming,7,774
31041,Custer,7,"1,252"
31043,Dakota,3,"2,083"
31045,Dawes,7,"1,280"
31047,Dawson,7,"2,762"
31049,Deuel,9,201
31051,Dixon,3,480
31053,Dodge,4,"3,349"
31055,Douglas,2,"57,105"
31057,Dundy,9,223
31059,Fillmore,8,448
31061,Franklin,9,421
31063,Frontier,9,321
31065,Furnas,9,557
31067,Gage,6,"2,363"
31069,Garden,9,272
31071,Garfield,9,231
31073,Gosper,9,172
31075,Grant,9,60
31077,Greeley,8,286
31079,Hall,3,"6,123"
31081,Hamilton,3,593
31083,Harlan,9,366
31085,Hayes,9,138
31087,Hitchcock,9,309
31089,Holt,7,"1,098"
31091,Hooker,9,54
31093,Howard,3,641
31095,Jefferson,7,655
31097,Johnson,8,448
31099,Kearney,7,488
31101,Keith,7,885
31103,Keya Paha,9,152
31105,Kimball,8,433
31107,Knox,9,986
31109,Lancaster,2,"32,535"
31111,Lincoln,5,"3,682"
31113,Logan,9,66
31115,Loup,9,100
31117,McPherson,9,62
31119,Madison,5,"3,446"
31121,Merrick,3,832
31123,Morrill,9,598
31125,Nance,8,351
31127,Nemaha,7,768
31129,Nuckolls,9,458
31131,Otoe,6,"1,304"
31133,Pawnee,9,334
31135,Perkins,9,269
31137,Phelps,7,873
31139,Pierce,9,655
31141,Platte,5,"2,960"
31143,Polk,9,354
31145,Red Willow,7,"1,231"
31147,Richardson,7,946
31149,Rock,9,184
31151,Saline,6,"1,212"
31153,Sarpy,2,"10,930"
31155,Saunders,2,"1,462"
31157,Scotts Bluff,5,"4,494"
31159,Seward,2,"1,138"
31161,Sheridan,9,738
31163,Sherman,8,362
31165,Sioux,9,185
31167,Stanton,9,410
31169,Thayer,9,527
31171,Thomas,9,100
31173,Thurston,8,"1,769"
31175,Valley,9,425
31177,Washington,2,"1,386"
31179,Wayne,6,987
31181,Webster,9,414
31183,Wheeler,9,96
31185,York,6,"1,205"
32000,Nevada,,"384,900"
32001,Churchill,6,"2,871"
32003,Clark,1,"296,767"
32005,Douglas,4,"3,930"
32007,Elko,5,"5,714"
32009,Esmeralda,9,120
32011,Eureka,9,201
32013,Humboldt,7,"1,829"
32015,Lander,7,602
32017,Lincoln,8,674
32019,Lyon,4,"5,831"
32021,Mineral,7,708
32023,Nye,4,"7,317"
32027,Pershing,9,864
32029,Storey,2,290
32031,Washoe,2,"49,598"
32033,White Pine,7,"1,126"
32510,Carson City,3,"6,458"
33000,New Hampshire,,"98,310"
33001,Belknap,4,"5,139"
33003,Carroll,6,"4,370"
33005,Cheshire,4,"6,977"
33007,Coos,7,"4,062"
33009,Grafton,5,"7,601"
33011,Hillsborough,2,"30,494"
33013,Merrimack,4,"9,194"
33015,Rockingham,1,"15,522"
33017,Strafford,1,"10,645"
33019,Sullivan,7,"4,305"
34000,New Jersey,,"795,676"
34001,Atlantic,2,"29,057"
34003,Bergen,1,"52,980"
34005,Burlington,1,"24,961"
34007,Camden,1,"53,641"
34009,Cape May,3,"8,853"
34011,Cumberland,3,"19,261"
34013,Essex,1,"107,745"
34015,Gloucester,1,"21,602"
34017,Hudson,1,"90,976"
34019,Hunterdon,1,"4,794"
34021,Mercer,2,"41,600"
34023,Middlesex,1,"68,514"
34025,Monmouth,1,"37,725"
34027,Morris,1,"25,678"
34029,Ocean,1,"53,950"
34031,Passaic,1,"65,342"
34033,Salem,1,"7,000"
34035,Somerset,1,"17,409"
34037,Sussex,1,"7,180"
34039,Union,1,"50,094"
34041,Warren,2,"7,313"
35000,New Mexico,,"358,526"
35001,Bernalillo,2,"103,458"
35003,Catron,9,723
35005,Chaves,5,"11,376"
35006,Cibola,6,"6,137"
35007,Colfax,7,"1,961"
35009,Curry,5,"8,868"
35011,De Baca,9,323
35013,Dona Ana,3,"50,726"
35015,Eddy,5,"6,474"
35017,Grant,7,"4,772"
35019,Guadalupe,7,874
35021,Harding,9,96
35023,Hidalgo,9,942
35025,Lea,5,"10,399"
35027,Lincoln,7,"2,657"
35028,Los Alamos,6,683
35029,Luna,6,"5,488"
35031,McKinley,5,"21,294"
35033,Mora,9,956
35035,Otero,4,"13,054"
35037,Quay,7,"1,781"
35039,Rio Arriba,4,"8,542"
35041,Roosevelt,7,"3,257"
35043,Sandoval,2,"14,627"
35045,San Juan,3,"24,358"
35047,San Miguel,6,"6,239"
35049,Santa Fe,3,"18,378"
35051,Sierra,6,"2,899"
35053,Socorro,6,"4,171"
35055,Taos,7,"5,922"
35057,Torrance,2,"3,198"
35059,Union,9,684
35061,Valencia,2,"13,210"
36000,New York,,"2,471,760"
36001,Albany,2,"33,970"
36003,Allegany,7,"7,491"
36005,Bronx,1,"361,834"
36007,Broome,2,"31,962"
36009,Cattaraugus,4,"10,821"
36011,Cayuga,4,"10,058"
36013,Chautauqua,4,"19,896"
36015,Chemung,3,"11,221"
36017,Chenango,6,"6,368"
36019,Clinton,5,"10,950"
36021,Columbia,6,"5,883"
36023,Cortland,4,"7,542"
36025,Delaware,6,"5,290"
36027,Dutchess,1,"23,693"
36029,Erie,1,"118,386"
36031,Essex,6,"4,338"
36033,Franklin,7,"8,017"
36035,Fulton,4,"8,533"
36037,Genesee,4,"5,825"
36039,Greene,6,"5,589"
36041,Hamilton,8,433
36043,Herkimer,2,"8,235"
36045,Jefferson,3,"15,168"
36047,Kings,1,"446,923"
36049,Lewis,6,"3,208"
36051,Livingston,1,"7,916"
36053,Madison,2,"6,488"
36055,Monroe,1,"90,791"
36057,Montgomery,4,"7,652"
36059,Nassau,1,"74,435"
36061,New York,1,"222,672"
36063,Niagara,1,"25,407"
36065,Oneida,2,"31,586"
36067,Onondaga,2,"61,412"
36069,Ontario,1,"8,645"
36071,Orange,1,"46,013"
36073,Orleans,1,"5,020"
36075,Oswego,2,"17,530"
36077,Otsego,7,"8,809"
36079,Putnam,1,"5,016"
36081,Queens,1,"245,941"
36083,Rensselaer,2,"17,506"
36085,Richmond,1,"42,807"
36087,Rockland,1,"40,031"
36089,St. Lawrence,4,"18,348"
36091,Saratoga,2,"13,482"
36093,Schenectady,2,"18,363"
36095,Schoharie,2,"3,600"
36097,Schuyler,6,"2,763"
36099,Seneca,6,"4,302"
36101,Steuben,4,"14,089"
36103,Suffolk,1,"97,920"
36105,Sullivan,4,"11,745"
36107,Tioga,2,"4,485"
36109,Tompkins,3,"15,079"
36111,Ulster,3,"20,451"
36113,Warren,3,"6,399"
36115,Washington,3,"6,917"
36117,Wayne,1,"10,093"
36119,Westchester,1,"79,545"
36121,Wyoming,6,"3,598"
36123,Yates,1,"3,271"
37000,North Carolina,,"1,383,760"
37001,Alamance,3,"23,890"
37003,Alexander,2,"4,193"
37005,Alleghany,9,"1,862"
37007,Anson,6,"4,861"
37009,Ashe,7,"3,946"
37011,Avery,8,"2,481"
37013,Beaufort,6,"8,164"
37015,Bertie,7,"4,256"
37017,Bladen,6,"6,876"
37019,Brunswick,2,"14,423"
37021,Buncombe,2,"31,045"
37023,Burke,2,"16,123"
37025,Cabarrus,1,"16,932"
37027,Caldwell,2,"9,728"
37029,Camden,8,819
37031,Carteret,4,"7,102"
37033,Caswell,8,"3,438"
37035,Catawba,2,"20,898"
37037,Chatham,2,"6,400"
37039,Cherokee,9,"4,997"
37041,Chowan,6,"2,528"
37043,Clay,9,"1,554"
37045,Cleveland,4,"18,230"
37047,Columbus,6,"11,654"
37049,Craven,3,"13,385"
37051,Cumberland,2,"57,342"
37053,Currituck,1,"2,419"
37055,Dare,4,"3,284"
37057,Davidson,2,"25,099"
37059,Davie,2,"4,632"
37061,Duplin,6,"10,288"
37063,Durham,2,"43,009"
37065,Edgecombe,3,"10,625"
37067,Forsyth,2,"56,484"
37069,Franklin,1,"7,908"
37071,Gaston,1,"25,710"
37073,Gates,1,"1,680"
37075,Graham,9,"1,391"
37077,Granville,4,"8,313"
37079,Greene,8,"3,715"
37081,Guilford,2,"83,004"
37083,Halifax,4,"11,533"
37085,Harnett,4,"20,597"
37087,Haywood,2,"6,536"
37089,Henderson,2,"12,349"
37091,Hertford,6,"4,829"
37093,Hoke,2,"9,149"
37095,Hyde,9,853
37097,Iredell,1,"14,812"
37099,Jackson,6,"7,661"
37101,Johnston,1,"25,901"
37103,Jones,3,"1,747"
37105,Lee,4,"8,634"
37107,Lenoir,4,"12,750"
37109,Lincoln,1,"7,682"
37111,McDowell,6,"6,048"
37113,Macon,7,"5,093"
37115,Madison,2,"3,020"
37117,Martin,6,"4,589"
37119,Mecklenburg,1,"112,863"
37121,Mitchell,7,"2,180"
37123,Montgomery,6,"4,218"
37125,Moore,4,"11,254"
37127,Nash,3,"15,065"
37129,New Hanover,2,"29,519"
37131,Northampton,9,"4,042"
37133,Onslow,3,"22,029"
37135,Orange,2,"18,446"
37137,Pamlico,3,"1,899"
37139,Pasquotank,4,"5,386"
37141,Pender,2,"7,117"
37143,Perquimans,8,"2,007"
37145,Person,2,"5,998"
37147,Pitt,3,"33,512"
37149,Polk,8,"2,476"
37151,Randolph,2,"19,996"
37153,Richmond,5,"11,234"
37155,Robeson,4,"39,748"
37157,Rockingham,2,"16,504"
37159,Rowan,1,"19,063"
37161,Rutherford,4,"12,158"
37163,Sampson,6,"10,471"
37165,Scotland,6,"9,168"
37167,Stanly,6,"6,470"
37169,Stokes,2,"5,844"
37171,Surry,4,"11,338"
37173,Swain,8,"2,253"
37175,Transylvania,6,"4,388"
37177,Tyrrell,9,861
37179,Union,1,"17,281"
37181,Vance,4,"8,143"
37183,Wake,1,"87,375"
37185,Warren,8,"4,083"
37187,Washington,7,"2,438"
37189,Watauga,5,"10,793"
37191,Wayne,3,"22,456"
37193,Wilkes,6,"10,228"
37195,Wilson,4,"17,258"
37197,Yadkin,2,"5,189"
37199,Yancey,8,"2,537"
38000,North Dakota,,"77,327"
38001,Adams,9,232
38003,Barnes,6,977
38005,Benson,9,"1,578"
38007,Billings,9,90
38009,Bottineau,9,586
38011,Bowman,9,238
38013,Burke,9,185
38015,Burleigh,3,"6,304"
38017,Cass,3,"20,189"
38019,Cavalier,9,336
38021,Dickey,9,494
38023,Divide,9,239
38025,Dunn,9,428
38027,Eddy,9,222
38029,Emmons,8,434
38031,Foster,9,276
38033,Golden Valley,9,206
38035,Grand Forks,3,"8,769"
38037,Grant,8,337
38039,Griggs,9,207
38041,Hettinger,9,290
38043,Kidder,8,348
38045,LaMoure,9,485
38047,Logan,9,237
38049,McHenry,9,685
38051,McIntosh,9,335
38053,McKenzie,9,"1,107"
38055,McLean,8,876
38057,Mercer,7,624
38059,Morton,3,"2,416"
38061,Mountrail,9,"1,000"
38063,Nelson,8,315
38065,Oliver,3,207
38067,Pembina,9,583
38069,Pierce,7,434
38071,Ramsey,7,"1,361"
38073,Ransom,8,438
38075,Renville,9,202
38077,Richland,6,"1,904"
38079,Rolette,9,"3,632"
38081,Sargent,9,290
38083,Sheridan,9,219
38085,Sioux,3,"1,333"
38087,Slope,9,101
38089,Stark,7,"2,622"
38091,Steele,8,139
38093,Stutsman,7,"2,064"
38095,Towner,9,231
38097,Traill,8,618
38099,Walsh,6,"1,221"
38101,Ward,5,"5,859"
38103,Wells,9,464
38105,Williams,7,"2,366"
39000,Ohio,,"1,474,285"
39001,Adams,6,"5,200"
39003,Allen,3,"12,452"
39005,Ashland,4,"6,407"
39007,Ashtabula,4,"17,508"
39009,Athens,4,"14,839"
39011,Auglaize,4,"3,297"
39013,Belmont,3,"7,355"
39015,Brown,1,"5,162"
39017,Butler,1,"43,439"
39019,Carroll,2,"2,992"
39021,Champaign,6,"2,941"
39023,Clark,3,"18,960"
39025,Clermont,1,"16,710"
39027,Clinton,6,"6,041"
39029,Columbiana,4,"12,955"
39031,Coshocton,6,"4,517"
39033,Crawford,4,"6,000"
39035,Cuyahoga,1,"195,758"
39037,Darke,6,"6,115"
39039,Defiance,4,"3,264"
39041,Delaware,1,"9,863"
39043,Erie,4,"8,414"
39045,Fairfield,1,"12,549"
39047,Fayette,6,"3,777"
39049,Franklin,1,"172,890"
39051,Fulton,2,"2,889"
39053,Gallia,6,"4,790"
39055,Geauga,1,"5,083"
39057,Greene,2,"15,932"
39059,Guernsey,6,"5,946"
39061,Hamilton,1,"116,077"
39063,Hancock,4,"6,877"
39065,Hardin,6,"4,078"
39067,Harrison,6,"2,133"
39069,Henry,6,"2,000"
39071,Highland,6,"6,643"
39073,Hocking,1,"4,177"
39075,Holmes,7,"3,952"
39077,Huron,4,"5,719"
39079,Jackson,7,"5,491"
39081,Jefferson,3,"10,733"
39083,Knox,4,"6,664"
39085,Lake,1,"18,914"
39087,Lawrence,2,"9,482"
39089,Licking,1,"16,038"
39091,Logan,6,"4,751"
39093,Lorain,1,"41,735"
39095,Lucas,2,"75,402"
39097,Madison,1,"3,808"
39099,Mahoning,2,"40,346"
39101,Marion,4,"8,736"
39103,Medina,1,"9,739"
39105,Meigs,6,"3,570"
39107,Mercer,7,"2,710"
39109,Miami,2,"9,324"
39111,Monroe,8,"1,881"
39113,Montgomery,2,"78,917"
39115,Morgan,6,"2,236"
39117,Morrow,1,"2,967"
39119,Muskingum,4,"12,866"
39121,Noble,7,"1,657"
39123,Ottawa,4,"3,215"
39125,Paulding,6,"1,816"
39127,Perry,1,"5,333"
39129,Pickaway,1,"6,177"
39131,Pike,7,"5,191"
39133,Portage,2,"18,371"
39135,Preble,6,"3,602"
39137,Putnam,6,"2,397"
39139,Richland,3,"15,313"
39141,Ross,4,"10,803"
39143,Sandusky,4,"5,489"
39145,Scioto,4,"15,739"
39147,Seneca,4,"6,338"
39149,Shelby,4,"4,374"
39151,Stark,2,"46,938"
39153,Summit,2,"75,226"
39155,Trumbull,2,"29,809"
39157,Tuscarawas,4,"10,162"
39159,Union,1,"3,033"
39161,Van Wert,6,"2,359"
39163,Vinton,8,"2,417"
39165,Warren,1,"10,308"
39167,Washington,4,"6,395"
39169,Wayne,4,"11,062"
39171,Williams,6,"3,324"
39173,Wood,2,"13,819"
39175,Wyandot,7,"1,609"
40000,Oklahoma,,"578,631"
40001,Adair,6,"5,192"
40003,Alfalfa,9,735
40005,Atoka,9,"2,493"
40007,Beaver,9,557
40009,Beckham,7,"4,131"
40011,Blaine,6,"1,387"
40013,Bryan,6,"8,070"
40015,Caddo,6,"5,502"
40017,Canadian,1,"11,747"
40019,Carter,5,"6,760"
40021,Cherokee,6,"10,049"
40023,Choctaw,7,"3,247"
40025,Cimarron,9,379
40027,Cleveland,1,"31,942"
40029,Coal,9,978
40031,Comanche,3,"19,406"
40033,Cotton,3,"1,042"
40035,Craig,6,"2,434"
40037,Creek,2,"9,655"
40039,Custer,7,"4,327"
40041,Delaware,6,"7,437"
40043,Dewey,9,553
40045,Ellis,9,494
40047,Garfield,5,"7,520"
40049,Garvin,6,"4,267"
40051,Grady,1,"6,604"
40053,Grant,9,474
40055,Greer,7,"1,102"
40057,Harmon,9,604
40059,Harper,9,403
40061,Haskell,6,"2,525"
40063,Hughes,7,"2,511"
40065,Jackson,7,"4,113"
40067,Jefferson,8,"1,218"
40069,Johnston,9,"2,261"
40071,Kay,5,"6,812"
40073,Kingfisher,6,"1,389"
40075,Kiowa,6,"1,864"
40077,Latimer,7,"1,753"
40079,Le Flore,2,"9,848"
40081,Lincoln,1,"4,799"
40083,Logan,1,"5,729"
40085,Love,9,"1,356"
40087,McClain,1,"2,869"
40089,McCurtain,7,"7,079"
40091,McIntosh,6,"3,801"
40093,Major,9,"1,005"
40095,Marshall,6,"3,030"
40097,Mayes,6,"7,166"
40099,Murray,7,"2,049"
40101,Muskogee,4,"14,622"
40103,Noble,6,"1,346"
40105,Nowata,6,"1,484"
40107,Okfuskee,6,"3,010"
40109,Oklahoma,1,"116,741"
40111,Okmulgee,2,"6,916"
40113,Osage,2,"6,758"
40115,Ottawa,6,"5,569"
40117,Pawnee,2,"2,449"
40119,Payne,4,"16,969"
40121,Pittsburg,5,"8,136"
40123,Pontotoc,7,"5,087"
40125,Pottawatomie,4,"10,272"
40127,Pushmataha,9,"2,613"
40129,Roger Mills,9,478
40131,Rogers,2,"9,458"
40133,Seminole,7,"5,192"
40135,Sequoyah,2,"8,864"
40137,Stephens,4,"6,272"
40139,Texas,7,"2,844"
40141,Tillman,6,"1,420"
40143,Tulsa,2,"91,457"
40145,Wagoner,2,"6,639"
40147,Washington,4,"6,540"
40149,Washita,7,"1,343"
40151,Woods,7,"1,179"
40153,Woodward,7,"2,306"
41000,Oregon,,"474,302"
41001,Baker,7,"2,139"
41003,Benton,3,"14,418"
41005,Clackamas,1,"29,818"
41007,Clatsop,4,"4,779"
41009,Columbia,1,"4,444"
41011,Coos,5,"9,867"
41013,Crook,6,"2,627"
41015,Curry,7,"3,054"
41017,Deschutes,3,"18,047"
41019,Douglas,4,"12,949"
41021,Gilliam,9,204
41023,Grant,9,"1,088"
41025,Harney,7,"1,031"
41027,Hood River,6,"1,943"
41029,Jackson,3,"29,613"
41031,Jefferson,6,"3,546"
41033,Josephine,3,"13,663"
41035,Klamath,5,"11,225"
41037,Lake,7,"1,259"
41039,Lane,2,"52,146"
41041,Lincoln,5,"7,208"
41043,Linn,3,"16,161"
41045,Malheur,6,"5,732"
41047,Marion,2,"41,154"
41049,Morrow,6,"1,465"
41051,Multnomah,1,"95,902"
41053,Polk,2,"7,949"
41055,Sherman,9,222
41057,Tillamook,6,"3,182"
41059,Umatilla,4,"10,260"
41061,Union,7,"3,513"
41063,Wallowa,9,875
41065,Wasco,6,"3,174"
41067,Washington,1,"48,575"
41069,Wheeler,9,231
41071,Yamhill,1,"10,838"
42000,Pennsylvania,,"1,481,193"
42001,Adams,3,"7,548"
42003,Allegheny,1,"127,238"
42005,Armstrong,1,"7,076"
42007,Beaver,1,"18,879"
42009,Bedford,6,"4,928"
42011,Berks,2,"41,916"
42013,Blair,3,"17,657"
42015,Bradford,6,"8,527"
42017,Bucks,1,"35,075"
42019,Butler,1,"14,280"
42021,Cambria,3,"18,583"
42023,Cameron,7,613
42025,Carbon,2,"6,198"
42027,Centre,3,"22,610"
42029,Chester,1,"30,184"
42031,Clarion,6,"5,162"
42033,Clearfield,4,"10,064"
42035,Clinton,4,"4,898"
42037,Columbia,3,"8,996"
42039,Crawford,4,"10,129"
42041,Cumberland,2,"17,269"
42043,Dauphin,2,"30,942"
42045,Delaware,1,"54,091"
42047,Elk,7,"2,902"
42049,Erie,2,"42,666"
42051,Fayette,1,"21,995"
42053,Forest,9,"1,196"
42055,Franklin,3,"12,313"
42057,Fulton,8,"1,749"
42059,Greene,6,"4,708"
42061,Huntingdon,6,"5,212"
42063,Indiana,4,"11,048"
42065,Jefferson,7,"6,962"
42067,Juniata,6,"2,538"
42069,Lackawanna,2,"28,812"
42071,Lancaster,2,"55,968"
42073,Lawrence,4,"10,271"
42075,Lebanon,3,"14,381"
42077,Lehigh,2,"41,397"
42079,Luzerne,2,"46,326"
42081,Lycoming,3,"14,642"
42083,McKean,7,"5,487"
42085,Mercer,2,"13,469"
42087,Mifflin,4,"6,036"
42089,Monroe,3,"20,201"
42091,Montgomery,1,"48,819"
42093,Montour,3,"1,598"
42095,Northampton,2,"23,228"
42097,Northumberland,4,"11,561"
42099,Perry,2,"4,066"
42101,Philadelphia,1,"352,748"
42103,Pike,1,"5,054"
42105,Potter,9,"1,904"
42107,Schuylkill,4,"15,767"
42109,Snyder,7,"3,881"
42111,Somerset,4,"8,552"
42113,Sullivan,8,762
42115,Susquehanna,6,"4,507"
42117,Tioga,6,"5,254"
42119,Union,4,"4,334"
42121,Venango,4,"6,213"
42123,Warren,6,"5,153"
42125,Washington,1,"19,860"
42127,Wayne,6,"5,867"
42129,Westmoreland,1,"35,870"
42131,Wyoming,2,"2,573"
42133,York,2,"40,477"
44000,Rhode Island,,"118,095"
44001,Bristol,1,"3,110"
44003,Kent,1,"13,152"
44005,Newport,1,"6,666"
44007,Providence,1,"85,644"
44009,Washington,1,"9,524"
45000,South Carolina,,"695,259"
45001,Abbeville,6,"3,508"
45003,Aiken,2,"21,071"
45005,Allendale,6,"2,313"
45007,Anderson,2,"25,717"
45009,Bamberg,7,"3,226"
45011,Barnwell,6,"5,115"
45013,Beaufort,3,"18,979"
45015,Berkeley,2,"23,953"
45017,Calhoun,2,"2,613"
45019,Charleston,2,"46,853"
45021,Cherokee,4,"8,951"
45023,Chester,1,"5,651"
45025,Chesterfield,6,"8,937"
45027,Clarendon,6,"8,053"
45029,Colleton,6,"7,823"
45031,Darlington,3,"12,767"
45033,Dillon,6,"8,022"
45035,Dorchester,2,"14,871"
45037,Edgefield,2,"3,839"
45039,Fairfield,2,"4,198"
45041,Florence,3,"22,950"
45043,Georgetown,4,"10,842"
45045,Greenville,2,"54,815"
45047,Greenwood,4,"12,277"
45049,Hampton,6,"4,136"
45051,Horry,2,"44,197"
45053,Jasper,3,"4,941"
45055,Kershaw,2,"9,088"
45057,Lancaster,1,"11,258"
45059,Laurens,2,"12,447"
45061,Lee,6,"3,890"
45063,Lexington,2,"35,210"
45065,McCormick,8,"1,533"
45067,Marion,6,"7,562"
45069,Marlboro,6,"6,750"
45071,Newberry,6,"5,198"
45073,Oconee,4,"10,268"
45075,Orangeburg,4,"21,821"
45077,Pickens,2,"18,055"
45079,Richland,2,"62,567"
45081,Saluda,2,"3,247"
45083,Spartanburg,2,"40,129"
45085,Sumter,3,"18,444"
45087,Union,2,"5,347"
45089,Williamsburg,6,"8,148"
45091,York,1,"23,679"
46000,South Dakota,,"101,371"
46003,Aurora,9,271
46005,Beadle,7,"2,317"
46007,Bennett,9,"1,051"
46009,Bon Homme,9,767
46011,Brookings,5,"3,767"
46013,Brown,5,"3,526"
46015,Brule,9,654
46017,Buffalo,9,775
46019,Butte,6,"1,326"
46021,Campbell,9,143
46023,Charles Mix,9,"1,873"
46025,Clark,9,421
46027,Clay,6,"2,264"
46029,Codington,5,"2,691"
46031,Corson,9,"1,640"
46033,Custer,3,834
46035,Davison,7,"2,227"
46037,Day,9,698
46039,Deuel,9,372
46041,Dewey,9,"1,615"
46043,Douglas,9,312
46045,Edmunds,9,388
46047,Fall River,6,901
46049,Faulk,9,329
46051,Grant,7,640
46053,Gregory,9,637
46055,Haakon,8,212
46057,Hamlin,9,531
46059,Hand,9,322
46061,Hanson,8,260
46063,Harding,9,151
46065,Hughes,7,"1,491"
46067,Hutchinson,8,708
46069,Hyde,9,145
46071,Jackson,8,988
46073,Jerauld,9,310
46075,Jones,9,116
46077,Kingsbury,9,409
46079,Lake,6,"1,150"
46081,Lawrence,6,"3,105"
46083,Lincoln,3,"2,312"
46085,Lyman,9,786
46087,McCook,3,493
46089,McPherson,9,428
46091,Marshall,9,557
46093,Meade,3,"2,400"
46095,Mellette,9,668
46097,Miner,8,227
46099,Minnehaha,3,"16,209"
46101,Moody,8,564
46102,Oglala Lakota,6,"5,653"
46103,Pennington,3,"13,383"
46105,Perkins,8,409
46107,Potter,9,217
46109,Roberts,9,"1,993"
46111,Sanborn,9,282
46115,Spink,9,698
46117,Stanley,9,238
46119,Sully,9,114
46121,Todd,9,"4,388"
46123,Tripp,7,995
46125,Turner,3,827
46127,Union,3,999
46129,Walworth,7,796
46135,Yankton,7,"2,088"
46137,Ziebach,8,"1,310"
47000,Tennessee,,"919,850"
47001,Anderson,2,"11,559"
47003,Bedford,4,"6,825"
47005,Benton,7,"2,792"
47007,Bledsoe,8,"3,366"
47009,Blount,2,"13,649"
47011,Bradley,3,"15,228"
47013,Campbell,2,"8,565"
47015,Cannon,1,"1,875"
47017,Carroll,6,"4,456"
47019,Carter,3,"10,664"
47021,Cheatham,1,"3,849"
47023,Chester,3,"2,374"
47025,Claiborne,6,"6,021"
47027,Clay,9,"1,514"
47029,Cocke,6,"8,117"
47031,Coffee,4,"8,000"
47033,Crockett,3,"2,213"
47035,Cumberland,4,"7,929"
47037,Davidson,1,"84,547"
47039,Decatur,9,"1,827"
47041,DeKalb,6,"3,624"
47043,Dickson,1,"5,353"
47045,Dyer,5,"6,298"
47047,Fayette,1,"4,527"
47049,Fentress,9,"3,799"
47051,Franklin,6,"5,557"
47053,Gibson,4,"6,834"
47055,Giles,6,"3,834"
47057,Grainger,2,"3,939"
47059,Greene,4,"10,706"
47061,Grundy,8,"2,810"
47063,Hamblen,3,"9,165"
47065,Hamilton,2,"45,523"
47067,Hancock,8,"1,701"
47069,Hardeman,6,"4,070"
47071,Hardin,6,"4,413"
47073,Hawkins,2,"10,113"
47075,Haywood,6,"3,524"
47077,Henderson,6,"4,370"
47079,Henry,7,"5,795"
47081,Hickman,1,"3,830"
47083,Houston,8,"1,427"
47085,Humphreys,6,"2,388"
47087,Jackson,8,"1,977"
47089,Jefferson,3,"6,622"
47091,Johnson,6,"4,045"
47093,Knox,2,"61,334"
47095,Lake,9,"1,705"
47097,Lauderdale,6,"4,503"
47099,Lawrence,6,"7,250"
47101,Lewis,6,"1,827"
47103,Lincoln,6,"4,343"
47105,Loudon,2,"5,182"
47107,McMinn,4,"7,620"
47109,McNairy,6,"4,287"
47111,Macon,1,"3,733"
47113,Madison,3,"16,421"
47115,Marion,2,"4,374"
47117,Marshall,6,"4,431"
47119,Maury,1,"8,059"
47121,Meigs,8,"1,972"
47123,Monroe,6,"7,571"
47125,Montgomery,2,"24,633"
47127,Moore,9,638
47129,Morgan,2,"4,185"
47131,Obion,7,"4,317"
47133,Overton,7,"3,744"
47135,Perry,8,"1,143"
47137,Pickett,9,881
47139,Polk,3,"2,518"
47141,Putnam,4,"12,434"
47143,Rhea,6,"4,953"
47145,Roane,2,"7,687"
47147,Robertson,1,"7,424"
47149,Rutherford,1,"32,610"
47151,Scott,6,"4,770"
47153,Sequatchie,2,"2,569"
47155,Sevier,4,"12,541"
47157,Shelby,1,"157,667"
47159,Smith,1,"3,042"
47161,Stewart,8,"1,740"
47163,Sullivan,2,"23,452"
47165,Sumner,1,"16,330"
47167,Tipton,1,"6,316"
47169,Trousdale,1,"1,367"
47171,Unicoi,3,"2,762"
47173,Union,2,"3,601"
47175,Van Buren,9,887
47177,Warren,6,"6,449"
47179,Washington,3,"19,811"
47181,Wayne,8,"2,495"
47183,Weakley,7,"5,604"
47185,White,7,"4,289"
47187,Williamson,1,"10,228"
47189,Wilson,1,"10,536"
48000,Texas,,"3,870,944"
48001,Anderson,7,"8,702"
48003,Andrews,6,"1,888"
48005,Angelina,5,"13,131"
48007,Aransas,2,"4,313"
48009,Archer,3,877
48011,Armstrong,2,194
48013,Atascosa,1,"7,434"
48015,Austin,1,"3,312"
48017,Bailey,7,"1,093"
48019,Bandera,1,"2,947"
48021,Bastrop,1,"12,091"
48023,Baylor,8,546
48025,Bee,6,"5,938"
48027,Bell,2,"48,565"
48029,Bexar,1,"298,018"
48031,Blanco,8,"1,022"
48033,Borden,8,69
48035,Bosque,6,"2,513"
48037,Bowie,3,"14,627"
48039,Brazoria,1,"31,116"
48041,Brazos,3,"42,898"
48043,Brewster,7,"1,198"
48045,Briscoe,9,232
48047,Brooks,7,"2,082"
48049,Brown,5,"4,965"
48051,Burleson,3,"2,506"
48053,Burnet,6,"4,943"
48055,Caldwell,1,"6,044"
48057,Calhoun,6,"3,088"
48059,Callahan,3,"1,675"
48061,Cameron,2,"106,976"
48063,Camp,6,"2,151"
48065,Carson,2,504
48067,Cass,6,"5,103"
48069,Castro,6,"1,138"
48071,Chambers,1,"3,761"
48073,Cherokee,6,"8,221"
48075,Childress,7,"1,217"
48077,Clay,3,"1,191"
48079,Cochran,9,545
48081,Coke,8,437
48083,Coleman,6,"1,429"
48085,Collin,1,"62,612"
48087,Collingsworth,9,566
48089,Colorado,6,"2,867"
48091,Comal,1,"10,407"
48093,Comanche,7,"1,818"
48095,Concho,8,404
48097,Cooke,6,"5,155"
48099,Coryell,2,"7,529"
48101,Cottle,9,264
48103,Crane,6,451
48105,Crockett,7,476
48107,Crosby,2,"1,247"
48109,Culberson,9,424
48111,Dallam,7,821
48113,Dallas,1,"363,567"
48115,Dawson,7,"2,338"
48117,Deaf Smith,6,"3,104"
48119,Delta,8,844
48121,Denton,1,"56,476"
48123,DeWitt,6,"3,135"
48125,Dickens,8,366
48127,Dimmit,6,"2,537"
48129,Donley,8,500
48131,Duval,7,"2,515"
48133,Eastland,6,"2,926"
48135,Ector,3,"19,781"
48137,Edwards,9,399
48139,Ellis,1,"15,932"
48141,El Paso,2,"154,504"
48143,Erath,4,"5,937"
48145,Falls,2,"3,314"
48147,Fannin,6,"4,287"
48149,Fayette,6,"2,710"
48151,Fisher,8,508
48153,Floyd,6,979
48155,Foard,9,190
48157,Fort Bend,1,"53,151"
48159,Franklin,7,"1,528"
48161,Freestone,7,"2,801"
48163,Frio,6,"4,664"
48165,Gaines,7,"2,820"
48167,Galveston,1,"38,181"
48169,Garza,6,"1,067"
48171,Gillespie,7,"2,271"
48173,Glasscock,8,111
48175,Goliad,3,"1,011"
48177,Gonzales,6,"3,325"
48179,Gray,6,"2,888"
48181,Grayson,3,"15,459"
48183,Gregg,3,"19,832"
48185,Grimes,6,"4,119"
48187,Guadalupe,1,"12,234"
48189,Hale,4,"5,483"
48191,Hall,9,739
48193,Hamilton,6,"1,185"
48195,Hansford,7,622
48197,Hardeman,9,750
48199,Hardin,2,"6,924"
48201,Harris,1,"701,075"
48203,Harrison,4,"11,600"
48205,Hartley,7,383
48207,Haskell,6,"1,061"
48209,Hays,1,"24,895"
48211,Hemphill,7,344
48213,Henderson,4,"14,246"
48215,Hidalgo,2,"231,032"
48217,Hill,6,"4,700"
48219,Hockley,6,"3,436"
48221,Hood,1,"5,581"
48223,Hopkins,6,"5,370"
48225,Houston,7,"4,230"
48227,Howard,4,"5,281"
48229,Hudspeth,2,"1,343"
48231,Hunt,1,"14,114"
48233,Hutchinson,6,"2,351"
48235,Irion,3,114
48237,Jack,6,"1,212"
48239,Jackson,6,"1,996"
48241,Jasper,6,"6,747"
48243,Jeff Davis,9,278
48245,Jefferson,2,"39,998"
48247,Jim Hogg,6,"1,181"
48249,Jim Wells,4,"8,385"
48251,Johnson,1,"19,035"
48253,Jones,3,"3,032"
48255,Karnes,6,"2,644"
48257,Kaufman,1,"13,108"
48259,Kendall,1,"3,468"
48261,Kenedy,9,57
48263,Kent,9,81
48265,Kerr,4,"6,310"
48267,Kimble,7,730
48269,King,9,30
48271,Kinney,7,629
48273,Kleberg,4,"6,804"
48275,Knox,9,679
48277,Lamar,5,"9,050"
48279,Lamb,6,"2,346"
48281,Lampasas,2,"2,627"
48283,La Salle,6,"1,561"
48285,Lavaca,6,"2,163"
48287,Lee,6,"1,791"
48289,Leon,8,"2,494"
48291,Liberty,1,"11,967"
48293,Limestone,6,"4,190"
48295,Lipscomb,9,395
48297,Live Oak,8,"1,825"
48299,Llano,7,"2,338"
48301,Loving,9,12
48303,Lubbock,2,"53,478"
48305,Lynn,2,944
48307,McCulloch,7,"1,379"
48309,McLennan,2,"44,574"
48311,McMullen,9,77
48313,Madison,6,"2,090"
48315,Marion,8,"2,070"
48317,Martin,3,695
48319,Mason,9,500
48321,Matagorda,4,"6,335"
48323,Maverick,5,"15,491"
48325,Medina,1,"5,997"
48327,Menard,9,435
48329,Midland,3,"17,401"
48331,Milam,6,"3,965"
48333,Mills,9,623
48335,Mitchell,7,"1,303"
48337,Montague,6,"2,517"
48339,Montgomery,1,"53,807"
48341,Moore,7,"2,463"
48343,Morris,6,"2,220"
48345,Motley,9,210
48347,Nacogdoches,5,"12,571"
48349,Navarro,4,"6,586"
48351,Newton,2,"2,933"
48353,Nolan,6,"2,496"
48355,Nueces,2,"58,465"
48357,Ochiltree,7,"1,115"
48359,Oldham,2,245
48361,Orange,2,"10,307"
48363,Palo Pinto,6,"4,960"
48365,Panola,6,"3,266"
48367,Parker,1,"11,524"
48369,Parmer,7,"1,123"
48371,Pecos,7,"2,562"
48373,Polk,6,"7,839"
48375,Potter,2,"22,514"
48377,Presidio,7,"1,286"
48379,Rains,8,"1,667"
48381,Randall,2,"12,178"
48383,Reagan,6,340
48385,Real,9,597
48387,Red River,6,"2,322"
48389,Reeves,7,"2,833"
48391,Refugio,6,"1,224"
48393,Roberts,9,63
48395,Robertson,3,"3,499"
48397,Rockwall,1,"4,991"
48399,Runnels,6,"1,729"
48401,Rusk,3,"7,426"
48403,Sabine,8,"1,834"
48405,San Augustine,9,"1,799"
48407,San Jacinto,8,"4,809"
48409,San Patricio,2,"9,507"
48411,San Saba,7,"1,104"
48413,Schleicher,8,417
48415,Scurry,7,"2,217"
48417,Shackelford,8,413
48419,Shelby,7,"5,346"
48421,Sherman,9,331
48423,Smith,3,"29,285"
48425,Somervell,1,842
48427,Starr,4,"20,741"
48429,Stephens,7,"1,477"
48431,Sterling,8,134
48433,Stonewall,9,199
48435,Sutton,7,494
48437,Swisher,6,"1,393"
48439,Tarrant,1,"211,454"
48441,Taylor,3,"18,724"
48443,Terrell,9,136
48445,Terry,6,"2,438"
48447,Throckmorton,9,209
48449,Titus,7,"5,246"
48451,Tom Green,3,"14,713"
48453,Travis,1,"134,983"
48455,Trinity,7,"2,597"
48457,Tyler,6,"3,380"
48459,Upshur,3,"6,124"
48461,Upton,8,495
48463,Uvalde,6,"5,174"
48465,Val Verde,5,"9,786"
48467,Van Zandt,6,"7,586"
48469,Victoria,3,"12,924"
48471,Walker,4,"11,810"
48473,Waller,1,"6,687"
48475,Ward,6,"1,462"
48477,Washington,6,"3,534"
48479,Webb,2,"57,053"
48481,Wharton,4,"6,711"
48483,Wheeler,9,579
48485,Wichita,3,"16,584"
48487,Wilbarger,6,"1,841"
48489,Willacy,6,"5,482"
48491,Williamson,1,"31,514"
48493,Wilson,1,"4,172"
48495,Winkler,6,983
48497,Wise,1,"5,745"
48499,Wood,6,"6,231"
48501,Yoakum,7,916
48503,Young,7,"2,405"
48505,Zapata,6,"4,243"
48507,Zavala,7,"3,374"
49000,Utah,,"279,435"
49001,Beaver,7,589
49003,Box Elder,2,"4,147"
49005,Cache,3,"16,243"
49007,Carbon,7,"3,255"
49009,Daggett,9,64
49011,Davis,2,"19,344"
49013,Duchesne,7,"2,787"
49015,Emery,7,"1,084"
49017,Garfield,9,460
49019,Grand,7,"1,174"
49021,Iron,4,"7,013"
49023,Juab,2,"1,070"
49025,Kane,6,717
49027,Millard,7,"1,542"
49029,Morgan,2,486
49031,Piute,9,227
49033,Rich,8,230
49035,Salt Lake,1,"103,036"
49037,San Juan,7,"3,295"
49039,Sanpete,6,"3,699"
49041,Sevier,7,"2,590"
49043,Summit,4,"1,968"
49045,Tooele,1,"3,829"
49047,Uintah,7,"3,920"
49049,Utah,2,"60,411"
49051,Wasatch,6,"1,699"
49053,Washington,3,"16,590"
49055,Wayne,9,319
49057,Weber,2,"17,647"
50000,Vermont,,"60,624"
50001,Addison,6,"2,690"
50003,Bennington,6,"3,399"
50005,Caledonia,7,"3,561"
50007,Chittenden,3,"16,084"
50009,Essex,9,908
50011,Franklin,3,"4,699"
50013,Grand Isle,3,581
50015,Lamoille,8,"2,231"
50017,Orange,9,"2,652"
50019,Orleans,7,"3,333"
50021,Rutland,4,"6,033"
50023,Washington,4,"4,673"
50025,Windham,7,"4,776"
50027,Windsor,7,"5,005"
51000,Virginia,,"822,944"
51001,Accomack,8,"5,225"
51003,Albemarle,3,"6,882"
51005,Alleghany,6,"1,680"
51007,Amelia,1,"1,211"
51009,Amherst,2,"3,645"
51011,Appomattox,2,"1,991"
51013,Arlington,1,"17,774"
51015,Augusta,3,"5,260"
51017,Bath,8,406
51019,Bedford,2,"6,766"
51021,Bland,8,749
51023,Botetourt,2,"1,895"
51025,Brunswick,6,"2,935"
51027,Buchanan,9,"4,332"
51029,Buckingham,3,"2,516"
51031,Campbell,2,"5,845"
51033,Caroline,1,"2,883"
51035,Carroll,7,"4,110"
51036,Charles City,1,870
51037,Charlotte,8,"2,257"
51041,Chesterfield,1,"22,943"
51043,Clarke,1,911
51045,Craig,2,572
51047,Culpeper,1,"4,709"
51049,Cumberland,8,"1,371"
51051,Dickenson,9,"3,330"
51053,Dinwiddie,1,"2,982"
51057,Essex,6,"1,747"
51059,Fairfax,1,"68,543"
51061,Fauquier,1,"4,310"
51063,Floyd,3,"1,783"
51065,Fluvanna,3,"1,883"
51067,Franklin,2,"6,315"
51069,Frederick,3,"5,731"
51071,Giles,3,"1,890"
51073,Gloucester,1,"3,194"
51075,Goochland,1,"1,420"
51077,Grayson,9,"2,719"
51079,Greene,3,"1,482"
51081,Greensville,6,"1,929"
51083,Halifax,6,"5,655"
51085,Hanover,1,"5,393"
51087,Henrico,1,"28,486"
51089,Henry,4,"7,277"
51091,Highland,8,271
51093,Isle of Wight,1,"3,351"
51095,James City,1,"4,366"
51097,King and Queen,8,820
51099,King George,6,"1,553"
51101,King William,1,"1,179"
51103,Lancaster,9,"1,383"
51105,Lee,8,"5,939"
51107,Loudoun,1,"12,909"
51109,Louisa,8,"3,559"
51111,Lunenburg,9,"2,140"
51113,Madison,8,"1,224"
51115,Mathews,1,766
51117,Mecklenburg,7,"5,137"
51119,Middlesex,8,"1,411"
51121,Montgomery,3,"18,158"
51125,Nelson,3,"1,748"
51127,New Kent,1,"1,131"
51131,Northampton,8,"2,077"
51133,Northumberland,9,"1,533"
51135,Nottoway,6,"2,789"
51137,Orange,6,"3,534"
51139,Page,6,"2,668"
51141,Patrick,8,"2,674"
51143,Pittsylvania,4,"8,960"
51145,Powhatan,1,"1,547"
51147,Prince Edward,6,"3,852"
51149,Prince George,1,"2,842"
51153,Prince William,1,"28,463"
51155,Pulaski,3,"4,796"
51157,Rappahannock,1,622
51159,Richmond,9,"1,303"
51161,Roanoke,2,"5,918"
51163,Rockbridge,6,"2,525"
51165,Rockingham,3,"6,482"
51167,Russell,7,"5,272"
51169,Scott,2,"3,069"
51171,Shenandoah,6,"4,421"
51173,Smyth,7,"4,849"
51175,Southampton,6,"2,132"
51177,Spotsylvania,1,"8,903"
51179,Stafford,1,"8,097"
51181,Surry,8,761
51183,Sussex,1,"1,851"
51185,Tazewell,5,"8,417"
51187,Warren,1,"3,803"
51191,Washington,2,"6,396"
51193,Westmoreland,6,"2,843"
51195,Wise,7,"7,039"
51197,Wythe,6,"3,645"
51199,York,1,"3,441"
51510,Alexandria,1,"13,593"
51520,Bristol,2,"3,604"
51530,Buena Vista,6,"1,024"
51540,Charlottesville,3,"9,965"
51550,Chesapeake,1,"19,812"
51570,Colonial Heights,1,"1,613"
51580,Covington,6,785
51590,Danville,4,"9,023"
51595,Emporia,6,"1,044"
51600,Fairfax,1,"1,667"
51610,Falls Church,1,512
51620,Franklin,6,"1,507"
51630,Fredericksburg,1,"4,463"
51640,Galax,7,"1,151"
51650,Hampton,1,"17,926"
51660,Harrisonburg,3,"11,299"
51670,Hopewell,1,"4,287"
51678,Lexington,6,"1,073"
51680,Lynchburg,2,"11,947"
51683,Manassas,1,"3,031"
51685,Manassas Park,1,"1,095"
51690,Martinsville,4,"2,377"
51700,Newport News,1,"25,769"
51710,Norfolk,1,"39,553"
51720,Norton,7,756
51730,Petersburg,1,"6,643"
51735,Poquoson,1,645
51740,Portsmouth,1,"16,860"
51750,Radford,3,"4,503"
51760,Richmond,1,"42,010"
51770,Roanoke,2,"19,049"
51775,Salem,2,"2,197"
51790,Staunton,3,"2,706"
51800,Suffolk,1,"8,906"
51810,Virginia Beach,1,"31,898"
51820,Waynesboro,3,"2,746"
51830,Williamsburg,1,"1,937"
51840,Winchester,3,"3,588"
53000,Washington,,"731,216"
53001,Adams,6,"3,309"
53003,Asotin,3,"3,092"
53005,Benton,2,"21,437"
53007,Chelan,3,"9,332"
53009,Clallam,5,"8,476"
53011,Clark,1,"44,548"
53013,Columbia,3,484
53015,Cowlitz,3,"13,729"
53017,Douglas,3,"4,724"
53019,Ferry,9,"1,354"
53021,Franklin,2,"12,409"
53023,Garfield,8,283
53025,Grant,5,"13,377"
53027,Grays Harbor,4,"9,422"
53029,Island,4,"6,037"
53031,Jefferson,6,"3,993"
53033,King,1,"171,116"
53035,Kitsap,2,"19,787"
53037,Kittitas,4,"6,326"
53039,Klickitat,6,"3,013"
53041,Lewis,4,"9,726"
53043,Lincoln,8,981
53045,Mason,4,"8,143"
53047,Okanogan,6,"6,828"
53049,Pacific,7,"2,996"
53051,Pend Oreille,2,"2,191"
53053,Pierce,1,"83,128"
53055,San Juan,9,"1,414"
53057,Skagit,3,"14,314"
53059,Skamania,1,"1,246"
53061,Snohomish,1,"56,935"
53063,Spokane,2,"65,750"
53065,Stevens,2,"6,738"
53067,Thurston,2,"26,105"
53069,Wahkiakum,8,477
53071,Walla Walla,3,"7,099"
53073,Whatcom,3,"28,310"
53075,Whitman,4,"11,367"
53077,Yakima,3,"41,218"
54000,West Virginia,,"281,175"
54001,Barbour,6,"2,848"
54003,Berkeley,2,"12,942"
54005,Boone,3,"4,017"
54007,Braxton,8,"2,477"
54009,Brooke,3,"2,551"
54011,Cabell,2,"16,337"
54013,Calhoun,8,"1,524"
54015,Clay,3,"1,891"
54017,Doddridge,9,"1,376"
54019,Fayette,3,"8,321"
54021,Gilmer,7,"1,536"
54023,Grant,7,"1,497"
54025,Greenbrier,6,"5,814"
54027,Hampshire,3,"3,311"
54029,Hancock,3,"3,559"
54031,Hardy,6,"1,929"
54033,Harrison,5,"7,353"
54035,Jackson,6,"4,716"
54037,Jefferson,1,"5,529"
54039,Kanawha,3,"28,499"
54041,Lewis,7,"3,039"
54043,Lincoln,2,"3,990"
54045,Logan,6,"6,827"
54047,McDowell,7,"5,894"
54049,Marion,4,"7,939"
54051,Marshall,3,"4,081"
54053,Mason,6,"3,994"
54055,Mercer,4,"10,768"
54057,Mineral,3,"3,266"
54059,Mingo,7,"6,329"
54061,Monongalia,3,"18,887"
54063,Monroe,8,"2,070"
54065,Morgan,8,"1,851"
54067,Nicholas,6,"4,558"
54069,Ohio,3,"5,504"
54071,Pendleton,8,927
54073,Pleasants,6,875
54075,Pocahontas,9,"1,270"
54077,Preston,3,"4,491"
54079,Putnam,2,"4,962"
54081,Raleigh,3,"12,090"
54083,Randolph,7,"4,403"
54085,Ritchie,8,"1,674"
54087,Roane,6,"2,628"
54089,Summers,6,"2,724"
54091,Taylor,6,"2,690"
54093,Tucker,8,"1,014"
54095,Tyler,9,"1,302"
54097,Upshur,7,"3,994"
54099,Wayne,2,"7,654"
54101,Webster,9,"1,744"
54103,Wetzel,6,"2,432"
54105,Wirt,3,"1,015"
54107,Wood,3,"11,627"
54109,Wyoming,6,"4,634"
55000,Wisconsin,,"591,404"
55001,Adams,8,"2,231"
55003,Ashland,7,"2,655"
55005,Barron,6,"3,968"
55007,Bayfield,8,"1,533"
55009,Brown,2,"25,456"
55011,Buffalo,8,"1,227"
55013,Burnett,8,"1,926"
55015,Calumet,3,"2,701"
55017,Chippewa,3,"5,460"
55019,Clark,6,"4,605"
55021,Columbia,2,"3,776"
55023,Crawford,7,"1,789"
55025,Dane,2,"50,163"
55027,Dodge,4,"6,512"
55029,Door,6,"2,549"
55031,Douglas,2,"4,810"
55033,Dunn,6,"4,911"
55035,Eau Claire,3,"10,586"
55037,Florence,9,463
55039,Fond du Lac,3,"7,326"
55041,Forest,9,"1,443"
55043,Grant,6,"6,278"
55045,Green,2,"2,350"
55047,Green Lake,6,"2,181"
55049,Iowa,2,"2,240"
55051,Iron,9,709
55053,Jackson,6,"2,385"
55055,Jefferson,4,"5,824"
55057,Juneau,7,"3,391"
55059,Kenosha,1,"16,248"
55061,Kewaunee,2,"1,496"
55063,La Crosse,3,"13,280"
55065,Lafayette,8,"1,868"
55067,Langlade,6,"2,441"
55069,Lincoln,6,"2,455"
55071,Manitowoc,4,"6,899"
55073,Marathon,3,"11,026"
55075,Marinette,6,"4,548"
55077,Marquette,8,"1,535"
55078,Menominee,8,"1,139"
55079,Milwaukee,1,"156,647"
55081,Monroe,6,"4,936"
55083,Oconto,2,"3,506"
55085,Oneida,7,"3,117"
55087,Outagamie,3,"13,110"
55089,Ozaukee,1,"3,926"
55091,Pepin,8,643
55093,Pierce,1,"3,900"
55095,Polk,6,"3,723"
55097,Portage,4,"7,995"
55099,Price,9,"1,959"
55101,Racine,3,"23,688"
55103,Richland,6,"2,115"
55105,Rock,3,"19,755"
55107,Rusk,6,"1,714"
55109,St. Croix,1,"5,285"
55111,Sauk,4,"6,471"
55113,Sawyer,7,"2,063"
55115,Shawano,6,"3,851"
55117,Sheboygan,3,"9,051"
55119,Taylor,6,"1,942"
55121,Trempealeau,6,"2,598"
55123,Vernon,6,"4,297"
55125,Vilas,9,"2,460"
55127,Walworth,4,"9,532"
55129,Washburn,7,"1,990"
55131,Washington,1,"6,942"
55133,Waukesha,1,"18,915"
55135,Waupaca,6,"4,329"
55137,Waushara,6,"2,863"
55139,Winnebago,3,"15,965"
55141,Wood,4,"7,734"
56000,Wyoming,,"55,776"
56001,Albany,4,"5,861"
56003,Big Horn,9,"1,400"
56005,Campbell,5,"3,506"
56007,Carbon,7,"1,638"
56009,Converse,6,"1,256"
56011,Crook,9,604
56013,Fremont,7,"4,937"
56015,Goshen,7,"1,557"
56017,Hot Springs,7,472
56019,Johnson,7,751
56021,Laramie,3,"9,194"
56023,Lincoln,7,"1,381"
56025,Natrona,3,"7,735"
56027,Niobrara,9,316
56029,Park,7,"2,936"
56031,Platte,7,949
56033,Sheridan,7,"2,500"
56035,Sublette,9,701
56037,Sweetwater,5,"3,453"
56039,Teton,7,"1,396"
56041,Uinta,7,"1,699"
56043,Washakie,7,845
56045,Weston,7,692
